INFO - datasets - PyTorch version 2.5.1 available.
INFO - test_data_pipeline - 🧪 Starting Data Pipeline Tests
INFO - synthetic_data - 🎨 Initialized SyntheticDataGenerator: 12 samples, (168, 168) images
INFO - synthetic_data - 📁 Data directory: /tmp/bbu_test_data_aikz5qps
INFO - synthetic_data - 🎨 Generating complete dataset: 12 samples
INFO - synthetic_data - ✅ Generated train.jsonl: 7 samples
INFO - synthetic_data - ✅ Generated val.jsonl: 2 samples
INFO - synthetic_data - ✅ Generated teacher.jsonl: 3 samples
INFO - synthetic_data - 🎯 Dataset generation complete!
INFO - synthetic_data -    📁 Data root: /tmp/bbu_test_data_aikz5qps
INFO - synthetic_data -    🖼️ Images: 12 synthetic images
INFO - synthetic_data -    📊 Split: 7 train, 2 val, 3 teacher
INFO - test_config - 📄 TestConfigFactory initialized: /data3/Qwen2.5-VL-main/tests/configs
INFO - test_data_pipeline - ✅ Test setup complete: /tmp/bbu_test_data_aikz5qps
INFO - test_data_pipeline - 🧪 Testing BBU dataset loading - Coordinate mode
INFO - test_config - ✅ Created coordinate enabled config: /data3/Qwen2.5-VL-main/tests/configs/coordinate_enabled_standard.yaml
INFO - test_utils - 💾 GPU Memory Check: 81037.8 MB available, 2000.0 MB required
INFO - test_utils - 🚀 Model loading (/data3/Qwen2.5-VL-main/model_cache/Qwen/Qwen2.5-VL-3B-Instruct) - Initial GPU memory: 0.0 MB
INFO - unified_loader - 🔧 UNIFIED MODEL LOADING: /data3/Qwen2.5-VL-main/model_cache/Qwen/Qwen2.5-VL-3B-Instruct
INFO - unified_loader -    Mode: TRAINING
INFO - unified_loader - 📄 Using global configuration system (fallback)
INFO - unified_loader - 🔧 Applying comprehensive Qwen2.5-VL fixes...
INFO - patches - ✅ Official mRoPE fix applied (with batch dimension fix)
INFO - patches - ✅ Safe visual forward patch applied for generation
INFO - patches - 🔇 qwenvl Flash-Attention override skipped – using HF default
INFO - patches - ✅ All Qwen2.5-VL fixes applied successfully
INFO - patches -    - mRoPE: Uses official doubling logic + batch fix
INFO - patches -    - Visual: Safe processing for generation
INFO - patches -    - Dimension handling: Robust edge case management
INFO - patches -    - Batch handling: Fixed mrope_section duplication
INFO - unified_loader - 🎯 Detection wrapper enabled for coordinate tokens: True
INFO - unified_loader - 🎯 Coordinate tokens enabled: True
INFO - unified_loader - ⚡ Attention implementation OVERRIDE: flash_attention_2
INFO - unified_loader - 🔤 Loading tokenizer from: /data3/Qwen2.5-VL-main/model_cache/Qwen/Qwen2.5-VL-3B-Instruct
INFO - unified_loader - [PADDING_SIDE_CHECK] Tokenizer padding side after load: left
INFO - unified_loader - 🎯 Loading DETECTION-ENABLED model via wrapper
INFO - unified_loader - 🔧 Coordinate tokens enabled: True
INFO - unified_loader - ✅ Coordinate token configuration created
INFO - training - 🔧 Model loaded with attention: flash_attention_2
INFO - training - 🔧 Model config attn_implementation: flash_attention_2
INFO - patches - ✅ Official mRoPE fix applied (with batch dimension fix)
INFO - patches - ✅ Safe visual forward patch applied for generation
INFO - patches - 🔇 qwenvl Flash-Attention override skipped – using HF default
INFO - patches - ✅ All Qwen2.5-VL fixes applied successfully
INFO - patches -    - mRoPE: Uses official doubling logic + batch fix
INFO - patches -    - Visual: Safe processing for generation
INFO - patches -    - Dimension handling: Robust edge case management
INFO - patches -    - Batch handling: Fixed mrope_section duplication
INFO - training - 🚀 Setting up coordinate tokens (enabled: True)
INFO - training -    🎯 Initializing coordinate tokens [151665:153713]
INFO - training -    🔓 All embeddings jointly trainable for BBU domain adaptation
INFO - training -    ✅ Created extended embeddings: 153713 tokens
INFO - training -    ✅ Initialized 2048 coordinate tokens with std=0.02
INFO - training -    🎯 Initializing coordinate projections [151665:153713]
INFO - training -    🔓 All projections jointly trainable for BBU domain adaptation
INFO - training -    ✅ Created extended LM head: 153713 tokens
INFO - training -    ✅ Initialized 2048 coordinate projections with std=0.02
INFO - tokens - 🔧 Setting up unified token management...
INFO - tokens - 🔍 Detecting existing tokens...
INFO - tokens -    ✅ Found object_ref_start: <|object_ref_start|> -> ID 151646
INFO - tokens -    ✅ Found object_ref_end: <|object_ref_end|> -> ID 151647
INFO - tokens -    ✅ Found box_start: <|box_start|> -> ID 151648
INFO - tokens -    ✅ Found box_end: <|box_end|> -> ID 151649
INFO - tokens - ➕ Adding new geometry tokens...
INFO - tokens -    ✅ Added 4 geometry tokens: ['<|line_start|>', '<|line_end|>', '<|square_start|>', '<|square_end|>']
INFO - tokens - ➕ Adding coordinate tokens [0, 2047]...
INFO - tokens -    ✅ Added coordinate token batch 1: 1000 tokens
INFO - tokens -    ✅ Added coordinate token batch 2: 1000 tokens
INFO - tokens -    ✅ Added coordinate token batch 3: 48 tokens
INFO - tokens -    ✅ Total coordinate tokens added: 2048
INFO - tokens - 🔧 Resizing model embeddings for 2052 new tokens...
INFO - tokens -    ✅ Embeddings resized: 153713 -> 153717
INFO - tokens - ✅ Token setup complete. Added 2052 new tokens.
INFO - tokens - 🔧 Setting up unified token management...
INFO - tokens - 🔍 Detecting existing tokens...
INFO - tokens -    ✅ Found object_ref_start: <|object_ref_start|> -> ID 151646
INFO - tokens -    ✅ Found object_ref_end: <|object_ref_end|> -> ID 151647
INFO - tokens -    ✅ Found box_start: <|box_start|> -> ID 151648
INFO - tokens -    ✅ Found box_end: <|box_end|> -> ID 151649
INFO - tokens - ➕ Adding new geometry tokens...
INFO - tokens -    ✅ All geometry tokens already exist
INFO - tokens - ➕ Adding coordinate tokens [0, 2047]...
INFO - tokens -    ✅ All coordinate tokens already exist
INFO - tokens - ✅ Token setup complete. Added 0 new tokens.
INFO - training - 🚀 Coordinate token setup complete. Extended vocab: 153713
INFO - training - 🔧 Model on device: cuda:0 (embeddings handled by base model)
INFO - training - 📄 No coordinate extensions found - using standard model
INFO - unified_loader - 🔧 Validating coordinate token vocabulary consistency
INFO - unified_loader - 📊 Model vocab size: 153717
INFO - unified_loader - 📊 Tokenizer vocab size: 153717
INFO - unified_loader - 📊 Extended vocab size: 153713
INFO - unified_loader - ✅ Model has coordinate token extensions - ensuring consistency
INFO - unified_loader - ✅ Set detection_enabled=True for coordinate token model
INFO - unified_loader - ✅ Detection-enabled model loaded successfully
INFO - unified_loader - 🔍 SPECIAL TOKEN IDs:
INFO - unified_loader -    <|box_start|>: 151648
INFO - unified_loader -    <|box_end|>: 151649
INFO - unified_loader -    <|square_start|>: 151667
INFO - unified_loader -    <|square_end|>: 151668
INFO - unified_loader -    <|line_start|>: 151665
INFO - unified_loader -    <|line_end|>: 151666
INFO - unified_loader -    <|object_ref_start|>: 151646
INFO - unified_loader -    <|object_ref_end|>: 151647
INFO - unified_loader - 📊 Loading processor from: /data3/Qwen2.5-VL-main/model_cache/Qwen/Qwen2.5-VL-3B-Instruct
INFO - data_conversion.vision_process - set VIDEO_TOTAL_PIXELS: 90316800
INFO - unified_loader - ✅ Processor loaded successfully
INFO - unified_loader - 🔧 Applying training chat template...
INFO - unified_loader - ✅ Training chat template applied
INFO - unified_loader - 🔍 Verifying Qwen2.5-VL patches...
INFO - patches - ✅ mRoPE patch verification successful
INFO - patches - ✅ Safe visual forward patch verification successful
INFO - patches - ✅ All patch verifications successful
INFO - unified_loader - ✅ UNIFIED MODEL LOADING COMPLETE
INFO - unified_loader -    Model type: Detection-enabled
INFO - unified_loader -    Tokenizer vocab size: 153717
INFO - unified_loader -    Tokenizer padding side: left
INFO - unified_loader -    Model device: cuda:0
INFO - unified_loader -    Model dtype: torch.bfloat16
INFO - unified_loader - 🎯 Initializing Token Managers for vocabulary extension...
INFO - unified_loader - 🔢 Adding 2048 coordinate tokens to vocabulary
INFO - unified_loader - 📐 Adding 4 geometry tokens to vocabulary
INFO - unified_loader - 📊 Vocabulary extension: 151665 + 2052 = 153717
INFO - tokens - 🔧 Setting up unified token management...
INFO - tokens - 🔍 Detecting existing tokens...
INFO - tokens -    ✅ Found object_ref_start: <|object_ref_start|> -> ID 151646
INFO - tokens -    ✅ Found object_ref_end: <|object_ref_end|> -> ID 151647
INFO - tokens -    ✅ Found box_start: <|box_start|> -> ID 151648
INFO - tokens -    ✅ Found box_end: <|box_end|> -> ID 151649
INFO - tokens - ➕ Adding new geometry tokens...
INFO - tokens -    ✅ All geometry tokens already exist
INFO - tokens - ➕ Adding coordinate tokens [0, 2047]...
INFO - tokens -    ✅ All coordinate tokens already exist
INFO - tokens - ✅ Token setup complete. Added 0 new tokens.
INFO - unified_loader - 📊 FINAL VOCABULARY VERIFICATION:
INFO - unified_loader -    Expected size: 153717
INFO - unified_loader -    Tokenizer size: 153717
INFO - unified_loader -    Model embedding size: 153717
INFO - unified_loader - ✅ Final tokenizer size verified: 153717
INFO - unified_loader - ✅ Model-tokenizer size consistency verified: 153717
INFO - unified_loader - ✅ Simple Token Manager initialized successfully!
INFO - gpu_test_base - 💾 Cached model: coordinate_mode_model (cache size: 1)
INFO - test_utils - ✅ Model loading (/data3/Qwen2.5-VL-main/model_cache/Qwen/Qwen2.5-VL-3B-Instruct) - Final GPU memory: 7289.9 MB (+7289.9 MB)
INFO - training - 📄 DataProcessor using explicit configuration system
INFO - training - 🎯 Updating coordinate token ranges in chat processor...
INFO - chat - 🎯 Initializing coordinate manager with current tokenizer...
INFO - tokens - 🎯 Found coordinate tokens: range [151669, 153717)
INFO - chat - ✅ Coordinate manager initialized successfully
INFO - chat -    max_coord_value: 2048
INFO - chat -    Language: chinese
INFO - chat -    Output format: Coordinate tokens + JSON fallback
INFO - training - ✅ Chat processor initialized with coordinate tokens (geometry + object_ref wrapping)
INFO - data - Loaded 3 teacher samples from /tmp/bbu_test_data_aikz5qps/teacher.jsonl
INFO - data - ✅ TeacherPoolManager initialized:
INFO - data -    Teacher pool file: /tmp/bbu_test_data_aikz5qps/teacher.jsonl
INFO - data -    Data root: /tmp/bbu_test_data_aikz5qps
INFO - data -    Number of teacher images: 3
INFO - data -    Number of teacher samples: 3
INFO - data - Created teacher pool manager with 3 samples
INFO - training - ✅ Teacher pool manager initialized: /tmp/bbu_test_data_aikz5qps/teacher.jsonl
INFO - training - 📊 Creating datasets...
INFO - data - Loaded 7 flat samples from /tmp/bbu_test_data_aikz5qps/train.jsonl
INFO - data - Dataset mode: training
INFO - data - Teacher ratio: 0.7
INFO - data - Teacher pool size: 3
INFO - data - Dataset /tmp/bbu_test_data_aikz5qps/train.jsonl: teacher ratio set to 0.7, num_teachers=1
INFO - data - Loaded 2 flat samples from /tmp/bbu_test_data_aikz5qps/val.jsonl
INFO - data - Dataset mode: evaluation
INFO - data - Teacher ratio: 0.0
INFO - data - Dataset /tmp/bbu_test_data_aikz5qps/val.jsonl: teacher ratio set to 0.7, num_teachers=1
INFO - data - Loaded 3 teacher samples from /tmp/bbu_test_data_aikz5qps/teacher.jsonl
INFO - data - ✅ TeacherPoolManager initialized:
INFO - data -    Teacher pool file: /tmp/bbu_test_data_aikz5qps/teacher.jsonl
INFO - data -    Data root: /tmp/bbu_test_data_aikz5qps
INFO - data -    Number of teacher images: 3
INFO - data -    Number of teacher samples: 3
INFO - data - Created teacher pool manager with 3 samples
INFO - training - ✅ Datasets created: Train=7, Eval=2
INFO - training - 🛡️ Datasets returned directly (wrapper temporarily disabled)
INFO - test_utils - ⏱️ Dataset creation took 0.00 seconds
INFO - test_data_pipeline - ✅ Coordinate dataset test passed: 7 train, 2 eval samples
INFO - test_data_pipeline - 🧪 Testing BBU dataset loading - Standard mode
INFO - test_config - ✅ Created coordinate disabled config: /data3/Qwen2.5-VL-main/tests/configs/coordinate_disabled_standard.yaml
INFO - test_utils - 💾 GPU Memory Check: 73747.8 MB available, 2000.0 MB required
INFO - test_utils - 🚀 Model loading (/data3/Qwen2.5-VL-main/model_cache/Qwen/Qwen2.5-VL-3B-Instruct) - Initial GPU memory: 7289.9 MB
INFO - unified_loader - 🔧 UNIFIED MODEL LOADING: /data3/Qwen2.5-VL-main/model_cache/Qwen/Qwen2.5-VL-3B-Instruct
INFO - unified_loader -    Mode: TRAINING
INFO - unified_loader - 📄 Using global configuration system (fallback)
INFO - unified_loader - 🔧 Applying comprehensive Qwen2.5-VL fixes...
INFO - patches - ✅ Official mRoPE fix applied (with batch dimension fix)
INFO - patches - ✅ Safe visual forward patch applied for generation
INFO - patches - 🔇 qwenvl Flash-Attention override skipped – using HF default
INFO - patches - ✅ All Qwen2.5-VL fixes applied successfully
INFO - patches -    - mRoPE: Uses official doubling logic + batch fix
INFO - patches -    - Visual: Safe processing for generation
INFO - patches -    - Dimension handling: Robust edge case management
INFO - patches -    - Batch handling: Fixed mrope_section duplication
INFO - unified_loader - 🎯 Detection wrapper enabled for coordinate tokens: False
INFO - unified_loader - 🎯 Coordinate tokens enabled: False
INFO - unified_loader - ⚡ Attention implementation OVERRIDE: flash_attention_2
INFO - unified_loader - 🔤 Loading tokenizer from: /data3/Qwen2.5-VL-main/model_cache/Qwen/Qwen2.5-VL-3B-Instruct
INFO - unified_loader - [PADDING_SIDE_CHECK] Tokenizer padding side after load: left
INFO - unified_loader - 📄 Loading BASE model (no detection)
INFO - unified_loader - ✅ Base model loaded successfully
INFO - unified_loader - 🎯 Adding 4 special tokens: ['<|square_start|>', '<|square_end|>', '<|line_start|>', '<|line_end|>']
INFO - unified_loader - ✅ Added 4 special tokens to tokenizer
INFO - unified_loader - 🎯 Resizing model embeddings for new tokens
INFO - unified_loader - ✅ Model embeddings resized to 151669
INFO - unified_loader - 🔍 SPECIAL TOKEN IDs:
INFO - unified_loader -    <|box_start|>: 151648
INFO - unified_loader -    <|box_end|>: 151649
INFO - unified_loader -    <|square_start|>: 151665
INFO - unified_loader -    <|square_end|>: 151666
INFO - unified_loader -    <|line_start|>: 151667
INFO - unified_loader -    <|line_end|>: 151668
INFO - unified_loader -    <|object_ref_start|>: 151646
INFO - unified_loader -    <|object_ref_end|>: 151647
INFO - unified_loader - 📊 Loading processor from: /data3/Qwen2.5-VL-main/model_cache/Qwen/Qwen2.5-VL-3B-Instruct
INFO - unified_loader - ✅ Processor loaded successfully
INFO - unified_loader - 🔧 Applying training chat template...
INFO - unified_loader - ✅ Training chat template applied
INFO - unified_loader - 🔍 Verifying Qwen2.5-VL patches...
INFO - patches - ✅ mRoPE patch verification successful
INFO - patches - ✅ Safe visual forward patch verification successful
INFO - patches - ✅ All patch verifications successful
INFO - unified_loader - ✅ UNIFIED MODEL LOADING COMPLETE
INFO - unified_loader -    Model type: Base model
INFO - unified_loader -    Tokenizer vocab size: 151669
INFO - unified_loader -    Tokenizer padding side: left
INFO - unified_loader -    Model device: cuda:0
INFO - unified_loader -    Model dtype: torch.bfloat16
INFO - unified_loader - ℹ️ Coordinate tokens disabled - using standard format
INFO - unified_loader - 📐 Adding geometry tokens (coordinate tokens disabled)
INFO - tokens - 🔧 Setting up unified token management...
INFO - tokens - 🔍 Detecting existing tokens...
INFO - tokens -    ✅ Found object_ref_start: <|object_ref_start|> -> ID 151646
INFO - tokens -    ✅ Found object_ref_end: <|object_ref_end|> -> ID 151647
INFO - tokens -    ✅ Found box_start: <|box_start|> -> ID 151648
INFO - tokens -    ✅ Found box_end: <|box_end|> -> ID 151649
INFO - tokens - ➕ Adding new geometry tokens...
INFO - tokens -    ✅ All geometry tokens already exist
INFO - tokens - ➕ Adding coordinate tokens [0, -1]...
INFO - tokens -    ✅ All coordinate tokens already exist
INFO - tokens - ✅ Token setup complete. Added 0 new tokens.
INFO - unified_loader - 📊 GEOMETRY-ONLY VOCABULARY VERIFICATION:
INFO - unified_loader -    Base size: 151665
INFO - unified_loader -    Geometry tokens: 4
INFO - unified_loader -    Expected size: 151669
INFO - unified_loader -    Actual tokenizer size: 151669
INFO - unified_loader -    Actual model size: 151669
INFO - gpu_test_base - 💾 Cached model: standard_mode_model (cache size: 2)
INFO - test_utils - ✅ Model loading (/data3/Qwen2.5-VL-main/model_cache/Qwen/Qwen2.5-VL-3B-Instruct) - Final GPU memory: 7753.1 MB (+463.2 MB)
INFO - training - 📄 DataProcessor using explicit configuration system
INFO - training - ✅ Chat processor initialized (JSON format only)
INFO - data - Loaded 3 teacher samples from /tmp/bbu_test_data_aikz5qps/teacher.jsonl
INFO - data - ✅ TeacherPoolManager initialized:
INFO - data -    Teacher pool file: /tmp/bbu_test_data_aikz5qps/teacher.jsonl
INFO - data -    Data root: /tmp/bbu_test_data_aikz5qps
INFO - data -    Number of teacher images: 3
INFO - data -    Number of teacher samples: 3
INFO - data - Created teacher pool manager with 3 samples
INFO - training - ✅ Teacher pool manager initialized: /tmp/bbu_test_data_aikz5qps/teacher.jsonl
INFO - training - 📊 Creating datasets...
INFO - data - Loaded 7 flat samples from /tmp/bbu_test_data_aikz5qps/train.jsonl
INFO - data - Dataset mode: training
INFO - data - Teacher ratio: 0.7
INFO - data - Teacher pool size: 3
INFO - data - Dataset /tmp/bbu_test_data_aikz5qps/train.jsonl: teacher ratio set to 0.7, num_teachers=1
INFO - data - Loaded 2 flat samples from /tmp/bbu_test_data_aikz5qps/val.jsonl
INFO - data - Dataset mode: evaluation
INFO - data - Teacher ratio: 0.0
INFO - data - Dataset /tmp/bbu_test_data_aikz5qps/val.jsonl: teacher ratio set to 0.7, num_teachers=1
INFO - data - Loaded 3 teacher samples from /tmp/bbu_test_data_aikz5qps/teacher.jsonl
INFO - data - ✅ TeacherPoolManager initialized:
INFO - data -    Teacher pool file: /tmp/bbu_test_data_aikz5qps/teacher.jsonl
INFO - data -    Data root: /tmp/bbu_test_data_aikz5qps
INFO - data -    Number of teacher images: 3
INFO - data -    Number of teacher samples: 3
INFO - data - Created teacher pool manager with 3 samples
INFO - training - ✅ Datasets created: Train=7, Eval=2
INFO - training - 🛡️ Datasets returned directly (wrapper temporarily disabled)
INFO - test_utils - ⏱️ Dataset creation took 0.00 seconds
INFO - test_data_pipeline - ✅ Standard dataset test passed: 7 train, 2 eval samples
INFO - test_data_pipeline - 🧪 Testing Chat Processor Integration
INFO - test_data_pipeline - 🔄 Testing chat processor - coordinate mode
INFO - test_config - ✅ Created coordinate enabled config: /data3/Qwen2.5-VL-main/tests/configs/coordinate_enabled_standard.yaml
INFO - test_utils - 🧹 Cleaned up: model, tokenizer, processor
INFO - gpu_test_base - 🗑️ Removed cached model: coordinate_mode_model (cache full)
INFO - test_utils - 💾 GPU Memory Check: 80566.5 MB available, 2000.0 MB required
INFO - test_utils - 🚀 Model loading (/data3/Qwen2.5-VL-main/model_cache/Qwen/Qwen2.5-VL-3B-Instruct) - Initial GPU memory: 471.3 MB
INFO - unified_loader - 🔧 UNIFIED MODEL LOADING: /data3/Qwen2.5-VL-main/model_cache/Qwen/Qwen2.5-VL-3B-Instruct
INFO - unified_loader -    Mode: TRAINING
INFO - unified_loader - 📄 Using global configuration system (fallback)
INFO - unified_loader - 🔧 Applying comprehensive Qwen2.5-VL fixes...
INFO - patches - ✅ Official mRoPE fix applied (with batch dimension fix)
INFO - patches - ✅ Safe visual forward patch applied for generation
INFO - patches - 🔇 qwenvl Flash-Attention override skipped – using HF default
INFO - patches - ✅ All Qwen2.5-VL fixes applied successfully
INFO - patches -    - mRoPE: Uses official doubling logic + batch fix
INFO - patches -    - Visual: Safe processing for generation
INFO - patches -    - Dimension handling: Robust edge case management
INFO - patches -    - Batch handling: Fixed mrope_section duplication
INFO - unified_loader - 🎯 Detection wrapper enabled for coordinate tokens: True
INFO - unified_loader - 🎯 Coordinate tokens enabled: True
INFO - unified_loader - ⚡ Attention implementation OVERRIDE: flash_attention_2
INFO - unified_loader - 🔤 Loading tokenizer from: /data3/Qwen2.5-VL-main/model_cache/Qwen/Qwen2.5-VL-3B-Instruct
INFO - unified_loader - [PADDING_SIDE_CHECK] Tokenizer padding side after load: left
INFO - unified_loader - 🎯 Loading DETECTION-ENABLED model via wrapper
INFO - unified_loader - 🔧 Coordinate tokens enabled: True
INFO - unified_loader - ✅ Coordinate token configuration created
INFO - training - 🔧 Model loaded with attention: flash_attention_2
INFO - training - 🔧 Model config attn_implementation: flash_attention_2
INFO - patches - ✅ Official mRoPE fix applied (with batch dimension fix)
INFO - patches - ✅ Safe visual forward patch applied for generation
INFO - patches - 🔇 qwenvl Flash-Attention override skipped – using HF default
INFO - patches - ✅ All Qwen2.5-VL fixes applied successfully
INFO - patches -    - mRoPE: Uses official doubling logic + batch fix
INFO - patches -    - Visual: Safe processing for generation
INFO - patches -    - Dimension handling: Robust edge case management
INFO - patches -    - Batch handling: Fixed mrope_section duplication
INFO - training - 🚀 Setting up coordinate tokens (enabled: True)
INFO - training -    🎯 Initializing coordinate tokens [151665:153713]
INFO - training -    🔓 All embeddings jointly trainable for BBU domain adaptation
INFO - training -    ✅ Created extended embeddings: 153713 tokens
INFO - training -    ✅ Initialized 2048 coordinate tokens with std=0.02
INFO - training -    🎯 Initializing coordinate projections [151665:153713]
INFO - training -    🔓 All projections jointly trainable for BBU domain adaptation
INFO - training -    ✅ Created extended LM head: 153713 tokens
INFO - training -    ✅ Initialized 2048 coordinate projections with std=0.02
INFO - tokens - 🔧 Setting up unified token management...
INFO - tokens - 🔍 Detecting existing tokens...
INFO - tokens -    ✅ Found object_ref_start: <|object_ref_start|> -> ID 151646
INFO - tokens -    ✅ Found object_ref_end: <|object_ref_end|> -> ID 151647
INFO - tokens -    ✅ Found box_start: <|box_start|> -> ID 151648
INFO - tokens -    ✅ Found box_end: <|box_end|> -> ID 151649
INFO - tokens - ➕ Adding new geometry tokens...
INFO - tokens -    ✅ Added 4 geometry tokens: ['<|line_start|>', '<|line_end|>', '<|square_start|>', '<|square_end|>']
INFO - tokens - ➕ Adding coordinate tokens [0, 2047]...
INFO - tokens -    ✅ Added coordinate token batch 1: 1000 tokens
INFO - tokens -    ✅ Added coordinate token batch 2: 1000 tokens
INFO - tokens -    ✅ Added coordinate token batch 3: 48 tokens
INFO - tokens -    ✅ Total coordinate tokens added: 2048
INFO - tokens - 🔧 Resizing model embeddings for 2052 new tokens...
INFO - tokens -    ✅ Embeddings resized: 153713 -> 153717
INFO - tokens - ✅ Token setup complete. Added 2052 new tokens.
INFO - tokens - 🔧 Setting up unified token management...
INFO - tokens - 🔍 Detecting existing tokens...
INFO - tokens -    ✅ Found object_ref_start: <|object_ref_start|> -> ID 151646
INFO - tokens -    ✅ Found object_ref_end: <|object_ref_end|> -> ID 151647
INFO - tokens -    ✅ Found box_start: <|box_start|> -> ID 151648
INFO - tokens -    ✅ Found box_end: <|box_end|> -> ID 151649
INFO - tokens - ➕ Adding new geometry tokens...
INFO - tokens -    ✅ All geometry tokens already exist
INFO - tokens - ➕ Adding coordinate tokens [0, 2047]...
INFO - tokens -    ✅ All coordinate tokens already exist
INFO - tokens - ✅ Token setup complete. Added 0 new tokens.
INFO - training - 🚀 Coordinate token setup complete. Extended vocab: 153713
INFO - training - 🔧 Model on device: cuda:0 (embeddings handled by base model)
INFO - training - 📄 No coordinate extensions found - using standard model
INFO - unified_loader - 🔧 Validating coordinate token vocabulary consistency
INFO - unified_loader - 📊 Model vocab size: 153717
INFO - unified_loader - 📊 Tokenizer vocab size: 153717
INFO - unified_loader - 📊 Extended vocab size: 153713
INFO - unified_loader - ✅ Model has coordinate token extensions - ensuring consistency
INFO - unified_loader - ✅ Set detection_enabled=True for coordinate token model
INFO - unified_loader - ✅ Detection-enabled model loaded successfully
INFO - unified_loader - 🔍 SPECIAL TOKEN IDs:
INFO - unified_loader -    <|box_start|>: 151648
INFO - unified_loader -    <|box_end|>: 151649
INFO - unified_loader -    <|square_start|>: 151667
INFO - unified_loader -    <|square_end|>: 151668
INFO - unified_loader -    <|line_start|>: 151665
INFO - unified_loader -    <|line_end|>: 151666
INFO - unified_loader -    <|object_ref_start|>: 151646
INFO - unified_loader -    <|object_ref_end|>: 151647
INFO - unified_loader - 📊 Loading processor from: /data3/Qwen2.5-VL-main/model_cache/Qwen/Qwen2.5-VL-3B-Instruct
INFO - unified_loader - ✅ Processor loaded successfully
INFO - unified_loader - 🔧 Applying training chat template...
INFO - unified_loader - ✅ Training chat template applied
INFO - unified_loader - 🔍 Verifying Qwen2.5-VL patches...
INFO - patches - ✅ mRoPE patch verification successful
INFO - patches - ✅ Safe visual forward patch verification successful
INFO - patches - ✅ All patch verifications successful
INFO - unified_loader - ✅ UNIFIED MODEL LOADING COMPLETE
INFO - unified_loader -    Model type: Detection-enabled
INFO - unified_loader -    Tokenizer vocab size: 153717
INFO - unified_loader -    Tokenizer padding side: left
INFO - unified_loader -    Model device: cuda:0
INFO - unified_loader -    Model dtype: torch.bfloat16
INFO - unified_loader - 🎯 Initializing Token Managers for vocabulary extension...
INFO - unified_loader - 🔢 Adding 2048 coordinate tokens to vocabulary
INFO - unified_loader - 📐 Adding 4 geometry tokens to vocabulary
INFO - unified_loader - 📊 Vocabulary extension: 151665 + 2052 = 153717
INFO - tokens - 🔧 Setting up unified token management...
INFO - tokens - 🔍 Detecting existing tokens...
INFO - tokens -    ✅ Found object_ref_start: <|object_ref_start|> -> ID 151646
INFO - tokens -    ✅ Found object_ref_end: <|object_ref_end|> -> ID 151647
INFO - tokens -    ✅ Found box_start: <|box_start|> -> ID 151648
INFO - tokens -    ✅ Found box_end: <|box_end|> -> ID 151649
INFO - tokens - ➕ Adding new geometry tokens...
INFO - tokens -    ✅ All geometry tokens already exist
INFO - tokens - ➕ Adding coordinate tokens [0, 2047]...
INFO - tokens -    ✅ All coordinate tokens already exist
INFO - tokens - ✅ Token setup complete. Added 0 new tokens.
INFO - unified_loader - 📊 FINAL VOCABULARY VERIFICATION:
INFO - unified_loader -    Expected size: 153717
INFO - unified_loader -    Tokenizer size: 153717
INFO - unified_loader -    Model embedding size: 153717
INFO - unified_loader - ✅ Final tokenizer size verified: 153717
INFO - unified_loader - ✅ Model-tokenizer size consistency verified: 153717
INFO - unified_loader - ✅ Simple Token Manager initialized successfully!
INFO - gpu_test_base - 💾 Cached model: chat_processor_coordinate_model (cache size: 2)
INFO - test_utils - ✅ Model loading (/data3/Qwen2.5-VL-main/model_cache/Qwen/Qwen2.5-VL-3B-Instruct) - Final GPU memory: 7751.6 MB (+7280.4 MB)
INFO - training - 📄 DataProcessor using explicit configuration system
INFO - training - 🎯 Updating coordinate token ranges in chat processor...
INFO - chat - 🎯 Initializing coordinate manager with current tokenizer...
INFO - tokens - 🎯 Found coordinate tokens: range [151669, 153717)
INFO - chat - ✅ Coordinate manager initialized successfully
INFO - chat -    max_coord_value: 2048
INFO - chat -    Language: chinese
INFO - chat -    Output format: Coordinate tokens + JSON fallback
INFO - training - ✅ Chat processor initialized with coordinate tokens (geometry + object_ref wrapping)
INFO - data - Loaded 3 teacher samples from /tmp/bbu_test_data_aikz5qps/teacher.jsonl
INFO - data - ✅ TeacherPoolManager initialized:
INFO - data -    Teacher pool file: /tmp/bbu_test_data_aikz5qps/teacher.jsonl
INFO - data -    Data root: /tmp/bbu_test_data_aikz5qps
INFO - data -    Number of teacher images: 3
INFO - data -    Number of teacher samples: 3
INFO - data - Created teacher pool manager with 3 samples
INFO - training - ✅ Teacher pool manager initialized: /tmp/bbu_test_data_aikz5qps/teacher.jsonl
INFO - training - 📊 Creating datasets...
INFO - data - Loaded 7 flat samples from /tmp/bbu_test_data_aikz5qps/train.jsonl
INFO - data - Dataset mode: training
INFO - data - Teacher ratio: 0.7
INFO - data - Teacher pool size: 3
INFO - data - Dataset /tmp/bbu_test_data_aikz5qps/train.jsonl: teacher ratio set to 0.7, num_teachers=1
INFO - data - Loaded 2 flat samples from /tmp/bbu_test_data_aikz5qps/val.jsonl
INFO - data - Dataset mode: evaluation
INFO - data - Teacher ratio: 0.0
INFO - data - Dataset /tmp/bbu_test_data_aikz5qps/val.jsonl: teacher ratio set to 0.7, num_teachers=1
INFO - data - Loaded 3 teacher samples from /tmp/bbu_test_data_aikz5qps/teacher.jsonl
INFO - data - ✅ TeacherPoolManager initialized:
INFO - data -    Teacher pool file: /tmp/bbu_test_data_aikz5qps/teacher.jsonl
INFO - data -    Data root: /tmp/bbu_test_data_aikz5qps
INFO - data -    Number of teacher images: 3
INFO - data -    Number of teacher samples: 3
INFO - data - Created teacher pool manager with 3 samples
INFO - training - ✅ Datasets created: Train=7, Eval=2
INFO - training - 🛡️ Datasets returned directly (wrapper temporarily disabled)
INFO - test_data_pipeline - ✅ Chat processor coordinate mode test passed
INFO - test_data_pipeline - 🔄 Testing chat processor - standard mode
INFO - test_config - ✅ Created coordinate disabled config: /data3/Qwen2.5-VL-main/tests/configs/coordinate_disabled_standard.yaml
INFO - test_utils - 🧹 GPU Memory Cleanup Complete:
INFO - test_utils -    Allocated: 7751.6 MB → 7751.6 MB (-0.0 MB)
INFO - test_utils -    Reserved: 12322.0 MB → 8714.0 MB (-3608.0 MB)
WARNING - gpu_test_base - ⚠️ Test test_chat_processor_integration exceeded model load limit, forced cleanup
INFO - test_utils - 🧹 Cleaned up: model, tokenizer, processor
INFO - gpu_test_base - 🗑️ Removed cached model: standard_mode_model (cache full)
INFO - test_utils - 💾 GPU Memory Check: 73749.3 MB available, 2000.0 MB required
INFO - test_utils - 🚀 Model loading (/data3/Qwen2.5-VL-main/model_cache/Qwen/Qwen2.5-VL-3B-Instruct) - Initial GPU memory: 7288.5 MB
INFO - unified_loader - 🔧 UNIFIED MODEL LOADING: /data3/Qwen2.5-VL-main/model_cache/Qwen/Qwen2.5-VL-3B-Instruct
INFO - unified_loader -    Mode: TRAINING
INFO - unified_loader - 📄 Using global configuration system (fallback)
INFO - unified_loader - 🔧 Applying comprehensive Qwen2.5-VL fixes...
INFO - patches - ✅ Official mRoPE fix applied (with batch dimension fix)
INFO - patches - ✅ Safe visual forward patch applied for generation
INFO - patches - 🔇 qwenvl Flash-Attention override skipped – using HF default
INFO - patches - ✅ All Qwen2.5-VL fixes applied successfully
INFO - patches -    - mRoPE: Uses official doubling logic + batch fix
INFO - patches -    - Visual: Safe processing for generation
INFO - patches -    - Dimension handling: Robust edge case management
INFO - patches -    - Batch handling: Fixed mrope_section duplication
INFO - unified_loader - 🎯 Detection wrapper enabled for coordinate tokens: False
INFO - unified_loader - 🎯 Coordinate tokens enabled: False
INFO - unified_loader - ⚡ Attention implementation OVERRIDE: flash_attention_2
INFO - unified_loader - 🔤 Loading tokenizer from: /data3/Qwen2.5-VL-main/model_cache/Qwen/Qwen2.5-VL-3B-Instruct
INFO - unified_loader - [PADDING_SIDE_CHECK] Tokenizer padding side after load: left
INFO - unified_loader - 📄 Loading BASE model (no detection)
INFO - unified_loader - ✅ Base model loaded successfully
INFO - unified_loader - 🎯 Adding 4 special tokens: ['<|square_start|>', '<|square_end|>', '<|line_start|>', '<|line_end|>']
INFO - unified_loader - ✅ Added 4 special tokens to tokenizer
INFO - unified_loader - 🎯 Resizing model embeddings for new tokens
INFO - unified_loader - ✅ Model embeddings resized to 151669
INFO - unified_loader - 🔍 SPECIAL TOKEN IDs:
INFO - unified_loader -    <|box_start|>: 151648
INFO - unified_loader -    <|box_end|>: 151649
INFO - unified_loader -    <|square_start|>: 151665
INFO - unified_loader -    <|square_end|>: 151666
INFO - unified_loader -    <|line_start|>: 151667
INFO - unified_loader -    <|line_end|>: 151668
INFO - unified_loader -    <|object_ref_start|>: 151646
INFO - unified_loader -    <|object_ref_end|>: 151647
INFO - unified_loader - 📊 Loading processor from: /data3/Qwen2.5-VL-main/model_cache/Qwen/Qwen2.5-VL-3B-Instruct
INFO - unified_loader - ✅ Processor loaded successfully
INFO - unified_loader - 🔧 Applying training chat template...
INFO - unified_loader - ✅ Training chat template applied
INFO - unified_loader - 🔍 Verifying Qwen2.5-VL patches...
INFO - patches - ✅ mRoPE patch verification successful
INFO - patches - ✅ Safe visual forward patch verification successful
INFO - patches - ✅ All patch verifications successful
INFO - unified_loader - ✅ UNIFIED MODEL LOADING COMPLETE
INFO - unified_loader -    Model type: Base model
INFO - unified_loader -    Tokenizer vocab size: 151669
INFO - unified_loader -    Tokenizer padding side: left
INFO - unified_loader -    Model device: cuda:0
INFO - unified_loader -    Model dtype: torch.bfloat16
INFO - unified_loader - ℹ️ Coordinate tokens disabled - using standard format
INFO - unified_loader - 📐 Adding geometry tokens (coordinate tokens disabled)
INFO - tokens - 🔧 Setting up unified token management...
INFO - tokens - 🔍 Detecting existing tokens...
INFO - tokens -    ✅ Found object_ref_start: <|object_ref_start|> -> ID 151646
INFO - tokens -    ✅ Found object_ref_end: <|object_ref_end|> -> ID 151647
INFO - tokens -    ✅ Found box_start: <|box_start|> -> ID 151648
INFO - tokens -    ✅ Found box_end: <|box_end|> -> ID 151649
INFO - tokens - ➕ Adding new geometry tokens...
INFO - tokens -    ✅ All geometry tokens already exist
INFO - tokens - ➕ Adding coordinate tokens [0, -1]...
INFO - tokens -    ✅ All coordinate tokens already exist
INFO - tokens - ✅ Token setup complete. Added 0 new tokens.
INFO - unified_loader - 📊 GEOMETRY-ONLY VOCABULARY VERIFICATION:
INFO - unified_loader -    Base size: 151665
INFO - unified_loader -    Geometry tokens: 4
INFO - unified_loader -    Expected size: 151669
INFO - unified_loader -    Actual tokenizer size: 151669
INFO - unified_loader -    Actual model size: 151669
INFO - gpu_test_base - 💾 Cached model: chat_processor_standard_model (cache size: 2)
INFO - test_utils - ✅ Model loading (/data3/Qwen2.5-VL-main/model_cache/Qwen/Qwen2.5-VL-3B-Instruct) - Final GPU memory: 7746.4 MB (+457.9 MB)
INFO - training - 📄 DataProcessor using explicit configuration system
INFO - training - ✅ Chat processor initialized (JSON format only)
INFO - data - Loaded 3 teacher samples from /tmp/bbu_test_data_aikz5qps/teacher.jsonl
INFO - data - ✅ TeacherPoolManager initialized:
INFO - data -    Teacher pool file: /tmp/bbu_test_data_aikz5qps/teacher.jsonl
INFO - data -    Data root: /tmp/bbu_test_data_aikz5qps
INFO - data -    Number of teacher images: 3
INFO - data -    Number of teacher samples: 3
INFO - data - Created teacher pool manager with 3 samples
INFO - training - ✅ Teacher pool manager initialized: /tmp/bbu_test_data_aikz5qps/teacher.jsonl
INFO - training - 📊 Creating datasets...
INFO - data - Loaded 7 flat samples from /tmp/bbu_test_data_aikz5qps/train.jsonl
INFO - data - Dataset mode: training
INFO - data - Teacher ratio: 0.7
INFO - data - Teacher pool size: 3
INFO - data - Dataset /tmp/bbu_test_data_aikz5qps/train.jsonl: teacher ratio set to 0.7, num_teachers=1
INFO - data - Loaded 2 flat samples from /tmp/bbu_test_data_aikz5qps/val.jsonl
INFO - data - Dataset mode: evaluation
INFO - data - Teacher ratio: 0.0
INFO - data - Dataset /tmp/bbu_test_data_aikz5qps/val.jsonl: teacher ratio set to 0.7, num_teachers=1
INFO - data - Loaded 3 teacher samples from /tmp/bbu_test_data_aikz5qps/teacher.jsonl
INFO - data - ✅ TeacherPoolManager initialized:
INFO - data -    Teacher pool file: /tmp/bbu_test_data_aikz5qps/teacher.jsonl
INFO - data -    Data root: /tmp/bbu_test_data_aikz5qps
INFO - data -    Number of teacher images: 3
INFO - data -    Number of teacher samples: 3
INFO - data - Created teacher pool manager with 3 samples
INFO - training - ✅ Datasets created: Train=7, Eval=2
INFO - training - 🛡️ Datasets returned directly (wrapper temporarily disabled)
INFO - test_data_pipeline - ✅ Chat processor standard mode test passed
INFO - test_data_pipeline - 🧪 Testing Collator Performance Comparison
INFO - test_config - ✅ Created coordinate enabled config: /data3/Qwen2.5-VL-main/tests/configs/coordinate_enabled_standard.yaml
INFO - test_utils - 🧹 Cleaned up: model, tokenizer, processor
INFO - gpu_test_base - 🗑️ Removed cached model: chat_processor_coordinate_model (cache full)
INFO - test_utils - 💾 GPU Memory Check: 80571.7 MB available, 2000.0 MB required
INFO - test_utils - 🚀 Model loading (/data3/Qwen2.5-VL-main/model_cache/Qwen/Qwen2.5-VL-3B-Instruct) - Initial GPU memory: 466.0 MB
INFO - unified_loader - 🔧 UNIFIED MODEL LOADING: /data3/Qwen2.5-VL-main/model_cache/Qwen/Qwen2.5-VL-3B-Instruct
INFO - unified_loader -    Mode: TRAINING
INFO - unified_loader - 📄 Using global configuration system (fallback)
INFO - unified_loader - 🔧 Applying comprehensive Qwen2.5-VL fixes...
INFO - patches - ✅ Official mRoPE fix applied (with batch dimension fix)
INFO - patches - ✅ Safe visual forward patch applied for generation
INFO - patches - 🔇 qwenvl Flash-Attention override skipped – using HF default
INFO - patches - ✅ All Qwen2.5-VL fixes applied successfully
INFO - patches -    - mRoPE: Uses official doubling logic + batch fix
INFO - patches -    - Visual: Safe processing for generation
INFO - patches -    - Dimension handling: Robust edge case management
INFO - patches -    - Batch handling: Fixed mrope_section duplication
INFO - unified_loader - 🎯 Detection wrapper enabled for coordinate tokens: True
INFO - unified_loader - 🎯 Coordinate tokens enabled: True
INFO - unified_loader - ⚡ Attention implementation OVERRIDE: flash_attention_2
INFO - unified_loader - 🔤 Loading tokenizer from: /data3/Qwen2.5-VL-main/model_cache/Qwen/Qwen2.5-VL-3B-Instruct
INFO - unified_loader - [PADDING_SIDE_CHECK] Tokenizer padding side after load: left
INFO - unified_loader - 🎯 Loading DETECTION-ENABLED model via wrapper
INFO - unified_loader - 🔧 Coordinate tokens enabled: True
INFO - unified_loader - ✅ Coordinate token configuration created
INFO - training - 🔧 Model loaded with attention: flash_attention_2
INFO - training - 🔧 Model config attn_implementation: flash_attention_2
INFO - patches - ✅ Official mRoPE fix applied (with batch dimension fix)
INFO - patches - ✅ Safe visual forward patch applied for generation
INFO - patches - 🔇 qwenvl Flash-Attention override skipped – using HF default
INFO - patches - ✅ All Qwen2.5-VL fixes applied successfully
INFO - patches -    - mRoPE: Uses official doubling logic + batch fix
INFO - patches -    - Visual: Safe processing for generation
INFO - patches -    - Dimension handling: Robust edge case management
INFO - patches -    - Batch handling: Fixed mrope_section duplication
INFO - training - 🚀 Setting up coordinate tokens (enabled: True)
INFO - training -    🎯 Initializing coordinate tokens [151665:153713]
INFO - training -    🔓 All embeddings jointly trainable for BBU domain adaptation
INFO - training -    ✅ Created extended embeddings: 153713 tokens
INFO - training -    ✅ Initialized 2048 coordinate tokens with std=0.02
INFO - training -    🎯 Initializing coordinate projections [151665:153713]
INFO - training -    🔓 All projections jointly trainable for BBU domain adaptation
INFO - training -    ✅ Created extended LM head: 153713 tokens
INFO - training -    ✅ Initialized 2048 coordinate projections with std=0.02
INFO - tokens - 🔧 Setting up unified token management...
INFO - tokens - 🔍 Detecting existing tokens...
INFO - tokens -    ✅ Found object_ref_start: <|object_ref_start|> -> ID 151646
INFO - tokens -    ✅ Found object_ref_end: <|object_ref_end|> -> ID 151647
INFO - tokens -    ✅ Found box_start: <|box_start|> -> ID 151648
INFO - tokens -    ✅ Found box_end: <|box_end|> -> ID 151649
INFO - tokens - ➕ Adding new geometry tokens...
INFO - tokens -    ✅ Added 4 geometry tokens: ['<|line_start|>', '<|line_end|>', '<|square_start|>', '<|square_end|>']
INFO - tokens - ➕ Adding coordinate tokens [0, 2047]...
INFO - tokens -    ✅ Added coordinate token batch 1: 1000 tokens
INFO - tokens -    ✅ Added coordinate token batch 2: 1000 tokens
INFO - tokens -    ✅ Added coordinate token batch 3: 48 tokens
INFO - tokens -    ✅ Total coordinate tokens added: 2048
INFO - tokens - 🔧 Resizing model embeddings for 2052 new tokens...
INFO - tokens -    ✅ Embeddings resized: 153713 -> 153717
INFO - tokens - ✅ Token setup complete. Added 2052 new tokens.
INFO - tokens - 🔧 Setting up unified token management...
INFO - tokens - 🔍 Detecting existing tokens...
INFO - tokens -    ✅ Found object_ref_start: <|object_ref_start|> -> ID 151646
INFO - tokens -    ✅ Found object_ref_end: <|object_ref_end|> -> ID 151647
INFO - tokens -    ✅ Found box_start: <|box_start|> -> ID 151648
INFO - tokens -    ✅ Found box_end: <|box_end|> -> ID 151649
INFO - tokens - ➕ Adding new geometry tokens...
INFO - tokens -    ✅ All geometry tokens already exist
INFO - tokens - ➕ Adding coordinate tokens [0, 2047]...
INFO - tokens -    ✅ All coordinate tokens already exist
INFO - tokens - ✅ Token setup complete. Added 0 new tokens.
INFO - training - 🚀 Coordinate token setup complete. Extended vocab: 153713
INFO - training - 🔧 Model on device: cuda:0 (embeddings handled by base model)
INFO - training - 📄 No coordinate extensions found - using standard model
INFO - unified_loader - 🔧 Validating coordinate token vocabulary consistency
INFO - unified_loader - 📊 Model vocab size: 153717
INFO - unified_loader - 📊 Tokenizer vocab size: 153717
INFO - unified_loader - 📊 Extended vocab size: 153713
INFO - unified_loader - ✅ Model has coordinate token extensions - ensuring consistency
INFO - unified_loader - ✅ Set detection_enabled=True for coordinate token model
INFO - unified_loader - ✅ Detection-enabled model loaded successfully
INFO - unified_loader - 🔍 SPECIAL TOKEN IDs:
INFO - unified_loader -    <|box_start|>: 151648
INFO - unified_loader -    <|box_end|>: 151649
INFO - unified_loader -    <|square_start|>: 151667
INFO - unified_loader -    <|square_end|>: 151668
INFO - unified_loader -    <|line_start|>: 151665
INFO - unified_loader -    <|line_end|>: 151666
INFO - unified_loader -    <|object_ref_start|>: 151646
INFO - unified_loader -    <|object_ref_end|>: 151647
INFO - unified_loader - 📊 Loading processor from: /data3/Qwen2.5-VL-main/model_cache/Qwen/Qwen2.5-VL-3B-Instruct
INFO - unified_loader - ✅ Processor loaded successfully
INFO - unified_loader - 🔧 Applying training chat template...
INFO - unified_loader - ✅ Training chat template applied
INFO - unified_loader - 🔍 Verifying Qwen2.5-VL patches...
INFO - patches - ✅ mRoPE patch verification successful
INFO - patches - ✅ Safe visual forward patch verification successful
INFO - patches - ✅ All patch verifications successful
INFO - unified_loader - ✅ UNIFIED MODEL LOADING COMPLETE
INFO - unified_loader -    Model type: Detection-enabled
INFO - unified_loader -    Tokenizer vocab size: 153717
INFO - unified_loader -    Tokenizer padding side: left
INFO - unified_loader -    Model device: cuda:0
INFO - unified_loader -    Model dtype: torch.bfloat16
INFO - unified_loader - 🎯 Initializing Token Managers for vocabulary extension...
INFO - unified_loader - 🔢 Adding 2048 coordinate tokens to vocabulary
INFO - unified_loader - 📐 Adding 4 geometry tokens to vocabulary
INFO - unified_loader - 📊 Vocabulary extension: 151665 + 2052 = 153717
INFO - tokens - 🔧 Setting up unified token management...
INFO - tokens - 🔍 Detecting existing tokens...
INFO - tokens -    ✅ Found object_ref_start: <|object_ref_start|> -> ID 151646
INFO - tokens -    ✅ Found object_ref_end: <|object_ref_end|> -> ID 151647
INFO - tokens -    ✅ Found box_start: <|box_start|> -> ID 151648
INFO - tokens -    ✅ Found box_end: <|box_end|> -> ID 151649
INFO - tokens - ➕ Adding new geometry tokens...
INFO - tokens -    ✅ All geometry tokens already exist
INFO - tokens - ➕ Adding coordinate tokens [0, 2047]...
INFO - tokens -    ✅ All coordinate tokens already exist
INFO - tokens - ✅ Token setup complete. Added 0 new tokens.
INFO - unified_loader - 📊 FINAL VOCABULARY VERIFICATION:
INFO - unified_loader -    Expected size: 153717
INFO - unified_loader -    Tokenizer size: 153717
INFO - unified_loader -    Model embedding size: 153717
INFO - unified_loader - ✅ Final tokenizer size verified: 153717
INFO - unified_loader - ✅ Model-tokenizer size consistency verified: 153717
INFO - unified_loader - ✅ Simple Token Manager initialized successfully!
INFO - gpu_test_base - 💾 Cached model: collator_comparison_model (cache size: 2)
INFO - test_utils - ✅ Model loading (/data3/Qwen2.5-VL-main/model_cache/Qwen/Qwen2.5-VL-3B-Instruct) - Final GPU memory: 7745.4 MB (+7279.4 MB)
INFO - training - 📄 DataProcessor using explicit configuration system
INFO - training - 🎯 Updating coordinate token ranges in chat processor...
INFO - chat - 🎯 Initializing coordinate manager with current tokenizer...
INFO - tokens - 🎯 Found coordinate tokens: range [151669, 153717)
INFO - chat - ✅ Coordinate manager initialized successfully
INFO - chat -    max_coord_value: 2048
INFO - chat -    Language: chinese
INFO - chat -    Output format: Coordinate tokens + JSON fallback
INFO - training - ✅ Chat processor initialized with coordinate tokens (geometry + object_ref wrapping)
INFO - data - Loaded 3 teacher samples from /tmp/bbu_test_data_aikz5qps/teacher.jsonl
INFO - data - ✅ TeacherPoolManager initialized:
INFO - data -    Teacher pool file: /tmp/bbu_test_data_aikz5qps/teacher.jsonl
INFO - data -    Data root: /tmp/bbu_test_data_aikz5qps
INFO - data -    Number of teacher images: 3
INFO - data -    Number of teacher samples: 3
INFO - data - Created teacher pool manager with 3 samples
INFO - training - ✅ Teacher pool manager initialized: /tmp/bbu_test_data_aikz5qps/teacher.jsonl
INFO - training - 📊 Creating datasets...
INFO - data - Loaded 7 flat samples from /tmp/bbu_test_data_aikz5qps/train.jsonl
INFO - data - Dataset mode: training
INFO - data - Teacher ratio: 0.7
INFO - data - Teacher pool size: 3
INFO - data - Dataset /tmp/bbu_test_data_aikz5qps/train.jsonl: teacher ratio set to 0.7, num_teachers=1
INFO - data - Loaded 2 flat samples from /tmp/bbu_test_data_aikz5qps/val.jsonl
INFO - data - Dataset mode: evaluation
INFO - data - Teacher ratio: 0.0
INFO - data - Dataset /tmp/bbu_test_data_aikz5qps/val.jsonl: teacher ratio set to 0.7, num_teachers=1
INFO - data - Loaded 3 teacher samples from /tmp/bbu_test_data_aikz5qps/teacher.jsonl
INFO - data - ✅ TeacherPoolManager initialized:
INFO - data -    Teacher pool file: /tmp/bbu_test_data_aikz5qps/teacher.jsonl
INFO - data -    Data root: /tmp/bbu_test_data_aikz5qps
INFO - data -    Number of teacher images: 3
INFO - data -    Number of teacher samples: 3
INFO - data - Created teacher pool manager with 3 samples
INFO - training - ✅ Datasets created: Train=7, Eval=2
INFO - training - 🛡️ Datasets returned directly (wrapper temporarily disabled)
INFO - test_utils - ⏱️ Standard collator performance took 0.04 seconds
INFO - test_utils - ⏱️ Packed collator performance took 0.03 seconds
INFO - test_data_pipeline - ✅ Collator comparison test passed:
INFO - test_data_pipeline -    Standard efficiency: 86.46%
INFO - test_data_pipeline -    Packed efficiency: 86.46%
INFO - test_data_pipeline - 🧪 Testing Data Pipeline Error Handling
INFO - test_config - ✅ Created minimal config: /data3/Qwen2.5-VL-main/tests/configs/minimal_coord_standard.yaml
INFO - test_utils - 🧹 Cleaned up: model, tokenizer, processor
INFO - gpu_test_base - 🗑️ Removed cached model: chat_processor_standard_model (cache full)
INFO - test_utils - 💾 GPU Memory Check: 73750.3 MB available, 2000.0 MB required
INFO - test_utils - 🚀 Model loading (/data3/Qwen2.5-VL-main/model_cache/Qwen/Qwen2.5-VL-3B-Instruct) - Initial GPU memory: 7287.5 MB
INFO - unified_loader - 🔧 UNIFIED MODEL LOADING: /data3/Qwen2.5-VL-main/model_cache/Qwen/Qwen2.5-VL-3B-Instruct
INFO - unified_loader -    Mode: TRAINING
INFO - unified_loader - 📄 Using global configuration system (fallback)
INFO - unified_loader - 🔧 Applying comprehensive Qwen2.5-VL fixes...
INFO - patches - ✅ Official mRoPE fix applied (with batch dimension fix)
INFO - patches - ✅ Safe visual forward patch applied for generation
INFO - patches - 🔇 qwenvl Flash-Attention override skipped – using HF default
INFO - patches - ✅ All Qwen2.5-VL fixes applied successfully
INFO - patches -    - mRoPE: Uses official doubling logic + batch fix
INFO - patches -    - Visual: Safe processing for generation
INFO - patches -    - Dimension handling: Robust edge case management
INFO - patches -    - Batch handling: Fixed mrope_section duplication
INFO - unified_loader - 🎯 Detection wrapper enabled for coordinate tokens: True
INFO - unified_loader - 🎯 Coordinate tokens enabled: True
INFO - unified_loader - ⚡ Attention implementation OVERRIDE: flash_attention_2
INFO - unified_loader - 🔤 Loading tokenizer from: /data3/Qwen2.5-VL-main/model_cache/Qwen/Qwen2.5-VL-3B-Instruct
INFO - unified_loader - [PADDING_SIDE_CHECK] Tokenizer padding side after load: left
INFO - unified_loader - 🎯 Loading DETECTION-ENABLED model via wrapper
INFO - unified_loader - 🔧 Coordinate tokens enabled: True
INFO - unified_loader - ✅ Coordinate token configuration created
INFO - training - 🔧 Model loaded with attention: flash_attention_2
INFO - training - 🔧 Model config attn_implementation: flash_attention_2
INFO - patches - ✅ Official mRoPE fix applied (with batch dimension fix)
INFO - patches - ✅ Safe visual forward patch applied for generation
INFO - patches - 🔇 qwenvl Flash-Attention override skipped – using HF default
INFO - patches - ✅ All Qwen2.5-VL fixes applied successfully
INFO - patches -    - mRoPE: Uses official doubling logic + batch fix
INFO - patches -    - Visual: Safe processing for generation
INFO - patches -    - Dimension handling: Robust edge case management
INFO - patches -    - Batch handling: Fixed mrope_section duplication
INFO - training - 🚀 Setting up coordinate tokens (enabled: True)
INFO - training -    🎯 Initializing coordinate tokens [151665:153713]
INFO - training -    🔓 All embeddings jointly trainable for BBU domain adaptation
INFO - training -    ✅ Created extended embeddings: 153713 tokens
INFO - training -    ✅ Initialized 2048 coordinate tokens with std=0.02
INFO - training -    🎯 Initializing coordinate projections [151665:153713]
INFO - training -    🔓 All projections jointly trainable for BBU domain adaptation
INFO - training -    ✅ Created extended LM head: 153713 tokens
INFO - training -    ✅ Initialized 2048 coordinate projections with std=0.02
INFO - tokens - 🔧 Setting up unified token management...
INFO - tokens - 🔍 Detecting existing tokens...
INFO - tokens -    ✅ Found object_ref_start: <|object_ref_start|> -> ID 151646
INFO - tokens -    ✅ Found object_ref_end: <|object_ref_end|> -> ID 151647
INFO - tokens -    ✅ Found box_start: <|box_start|> -> ID 151648
INFO - tokens -    ✅ Found box_end: <|box_end|> -> ID 151649
INFO - tokens - ➕ Adding new geometry tokens...
INFO - tokens -    ✅ Added 4 geometry tokens: ['<|line_start|>', '<|line_end|>', '<|square_start|>', '<|square_end|>']
INFO - tokens - ➕ Adding coordinate tokens [0, 2047]...
INFO - tokens -    ✅ Added coordinate token batch 1: 1000 tokens
INFO - tokens -    ✅ Added coordinate token batch 2: 1000 tokens
INFO - tokens -    ✅ Added coordinate token batch 3: 48 tokens
INFO - tokens -    ✅ Total coordinate tokens added: 2048
INFO - tokens - 🔧 Resizing model embeddings for 2052 new tokens...
INFO - tokens -    ✅ Embeddings resized: 153713 -> 153717
INFO - tokens - ✅ Token setup complete. Added 2052 new tokens.
INFO - tokens - 🔧 Setting up unified token management...
INFO - tokens - 🔍 Detecting existing tokens...
INFO - tokens -    ✅ Found object_ref_start: <|object_ref_start|> -> ID 151646
INFO - tokens -    ✅ Found object_ref_end: <|object_ref_end|> -> ID 151647
INFO - tokens -    ✅ Found box_start: <|box_start|> -> ID 151648
INFO - tokens -    ✅ Found box_end: <|box_end|> -> ID 151649
INFO - tokens - ➕ Adding new geometry tokens...
INFO - tokens -    ✅ All geometry tokens already exist
INFO - tokens - ➕ Adding coordinate tokens [0, 2047]...
INFO - tokens -    ✅ All coordinate tokens already exist
INFO - tokens - ✅ Token setup complete. Added 0 new tokens.
INFO - training - 🚀 Coordinate token setup complete. Extended vocab: 153713
INFO - training - 🔧 Model on device: cuda:0 (embeddings handled by base model)
INFO - training - 📄 No coordinate extensions found - using standard model
INFO - unified_loader - 🔧 Validating coordinate token vocabulary consistency
INFO - unified_loader - 📊 Model vocab size: 153717
INFO - unified_loader - 📊 Tokenizer vocab size: 153717
INFO - unified_loader - 📊 Extended vocab size: 153713
INFO - unified_loader - ✅ Model has coordinate token extensions - ensuring consistency
INFO - unified_loader - ✅ Set detection_enabled=True for coordinate token model
INFO - unified_loader - ✅ Detection-enabled model loaded successfully
INFO - unified_loader - 🔍 SPECIAL TOKEN IDs:
INFO - unified_loader -    <|box_start|>: 151648
INFO - unified_loader -    <|box_end|>: 151649
INFO - unified_loader -    <|square_start|>: 151667
INFO - unified_loader -    <|square_end|>: 151668
INFO - unified_loader -    <|line_start|>: 151665
INFO - unified_loader -    <|line_end|>: 151666
INFO - unified_loader -    <|object_ref_start|>: 151646
INFO - unified_loader -    <|object_ref_end|>: 151647
INFO - unified_loader - 📊 Loading processor from: /data3/Qwen2.5-VL-main/model_cache/Qwen/Qwen2.5-VL-3B-Instruct
INFO - unified_loader - ✅ Processor loaded successfully
INFO - unified_loader - 🔧 Applying training chat template...
INFO - unified_loader - ✅ Training chat template applied
INFO - unified_loader - 🔍 Verifying Qwen2.5-VL patches...
INFO - patches - ✅ mRoPE patch verification successful
INFO - patches - ✅ Safe visual forward patch verification successful
INFO - patches - ✅ All patch verifications successful
INFO - unified_loader - ✅ UNIFIED MODEL LOADING COMPLETE
INFO - unified_loader -    Model type: Detection-enabled
INFO - unified_loader -    Tokenizer vocab size: 153717
INFO - unified_loader -    Tokenizer padding side: left
INFO - unified_loader -    Model device: cuda:0
INFO - unified_loader -    Model dtype: torch.bfloat16
INFO - unified_loader - 🎯 Initializing Token Managers for vocabulary extension...
INFO - unified_loader - 🔢 Adding 2048 coordinate tokens to vocabulary
INFO - unified_loader - 📐 Adding 4 geometry tokens to vocabulary
INFO - unified_loader - 📊 Vocabulary extension: 151665 + 2052 = 153717
INFO - tokens - 🔧 Setting up unified token management...
INFO - tokens - 🔍 Detecting existing tokens...
INFO - tokens -    ✅ Found object_ref_start: <|object_ref_start|> -> ID 151646
INFO - tokens -    ✅ Found object_ref_end: <|object_ref_end|> -> ID 151647
INFO - tokens -    ✅ Found box_start: <|box_start|> -> ID 151648
INFO - tokens -    ✅ Found box_end: <|box_end|> -> ID 151649
INFO - tokens - ➕ Adding new geometry tokens...
INFO - tokens -    ✅ All geometry tokens already exist
INFO - tokens - ➕ Adding coordinate tokens [0, 2047]...
INFO - tokens -    ✅ All coordinate tokens already exist
INFO - tokens - ✅ Token setup complete. Added 0 new tokens.
INFO - unified_loader - 📊 FINAL VOCABULARY VERIFICATION:
INFO - unified_loader -    Expected size: 153717
INFO - unified_loader -    Tokenizer size: 153717
INFO - unified_loader -    Model embedding size: 153717
INFO - unified_loader - ✅ Final tokenizer size verified: 153717
INFO - unified_loader - ✅ Model-tokenizer size consistency verified: 153717
INFO - unified_loader - ✅ Simple Token Manager initialized successfully!
INFO - gpu_test_base - 💾 Cached model: error_handling_model (cache size: 2)
INFO - test_utils - ✅ Model loading (/data3/Qwen2.5-VL-main/model_cache/Qwen/Qwen2.5-VL-3B-Instruct) - Final GPU memory: 14526.9 MB (+7239.4 MB)
INFO - test_data_pipeline - ✅ Error handling test passed - Malformed data properly rejected
INFO - test_data_pipeline - 🧪 Testing PackedDataCollator
INFO - test_config - ✅ Created coordinate enabled config: /data3/Qwen2.5-VL-main/tests/configs/coordinate_enabled_packed.yaml
INFO - test_utils - 🧹 Cleaned up: model, tokenizer, processor
INFO - gpu_test_base - 🗑️ Removed cached model: collator_comparison_model (cache full)
INFO - test_utils - 💾 GPU Memory Check: 73790.3 MB available, 2000.0 MB required
INFO - test_utils - 🚀 Model loading (/data3/Qwen2.5-VL-main/model_cache/Qwen/Qwen2.5-VL-3B-Instruct) - Initial GPU memory: 7247.5 MB
INFO - unified_loader - 🔧 UNIFIED MODEL LOADING: /data3/Qwen2.5-VL-main/model_cache/Qwen/Qwen2.5-VL-3B-Instruct
INFO - unified_loader -    Mode: TRAINING
INFO - unified_loader - 📄 Using global configuration system (fallback)
INFO - unified_loader - 🔧 Applying comprehensive Qwen2.5-VL fixes...
INFO - patches - ✅ Official mRoPE fix applied (with batch dimension fix)
INFO - patches - ✅ Safe visual forward patch applied for generation
INFO - patches - 🔇 qwenvl Flash-Attention override skipped – using HF default
INFO - patches - ✅ All Qwen2.5-VL fixes applied successfully
INFO - patches -    - mRoPE: Uses official doubling logic + batch fix
INFO - patches -    - Visual: Safe processing for generation
INFO - patches -    - Dimension handling: Robust edge case management
INFO - patches -    - Batch handling: Fixed mrope_section duplication
INFO - unified_loader - 🎯 Detection wrapper enabled for coordinate tokens: True
INFO - unified_loader - 🎯 Coordinate tokens enabled: True
INFO - unified_loader - ⚡ Attention implementation OVERRIDE: flash_attention_2
INFO - unified_loader - 🔤 Loading tokenizer from: /data3/Qwen2.5-VL-main/model_cache/Qwen/Qwen2.5-VL-3B-Instruct
INFO - unified_loader - [PADDING_SIDE_CHECK] Tokenizer padding side after load: left
INFO - unified_loader - 🎯 Loading DETECTION-ENABLED model via wrapper
INFO - unified_loader - 🔧 Coordinate tokens enabled: True
INFO - unified_loader - ✅ Coordinate token configuration created
INFO - training - 🔧 Model loaded with attention: flash_attention_2
INFO - training - 🔧 Model config attn_implementation: flash_attention_2
INFO - patches - ✅ Official mRoPE fix applied (with batch dimension fix)
INFO - patches - ✅ Safe visual forward patch applied for generation
INFO - patches - 🔇 qwenvl Flash-Attention override skipped – using HF default
INFO - patches - ✅ All Qwen2.5-VL fixes applied successfully
INFO - patches -    - mRoPE: Uses official doubling logic + batch fix
INFO - patches -    - Visual: Safe processing for generation
INFO - patches -    - Dimension handling: Robust edge case management
INFO - patches -    - Batch handling: Fixed mrope_section duplication
INFO - training - 🚀 Setting up coordinate tokens (enabled: True)
INFO - training -    🎯 Initializing coordinate tokens [151665:153713]
INFO - training -    🔓 All embeddings jointly trainable for BBU domain adaptation
INFO - training -    ✅ Created extended embeddings: 153713 tokens
INFO - training -    ✅ Initialized 2048 coordinate tokens with std=0.02
INFO - training -    🎯 Initializing coordinate projections [151665:153713]
INFO - training -    🔓 All projections jointly trainable for BBU domain adaptation
INFO - training -    ✅ Created extended LM head: 153713 tokens
INFO - training -    ✅ Initialized 2048 coordinate projections with std=0.02
INFO - tokens - 🔧 Setting up unified token management...
INFO - tokens - 🔍 Detecting existing tokens...
INFO - tokens -    ✅ Found object_ref_start: <|object_ref_start|> -> ID 151646
INFO - tokens -    ✅ Found object_ref_end: <|object_ref_end|> -> ID 151647
INFO - tokens -    ✅ Found box_start: <|box_start|> -> ID 151648
INFO - tokens -    ✅ Found box_end: <|box_end|> -> ID 151649
INFO - tokens - ➕ Adding new geometry tokens...
INFO - tokens -    ✅ Added 4 geometry tokens: ['<|line_start|>', '<|line_end|>', '<|square_start|>', '<|square_end|>']
INFO - tokens - ➕ Adding coordinate tokens [0, 2047]...
INFO - tokens -    ✅ Added coordinate token batch 1: 1000 tokens
INFO - tokens -    ✅ Added coordinate token batch 2: 1000 tokens
INFO - tokens -    ✅ Added coordinate token batch 3: 48 tokens
INFO - tokens -    ✅ Total coordinate tokens added: 2048
INFO - tokens - 🔧 Resizing model embeddings for 2052 new tokens...
INFO - tokens -    ✅ Embeddings resized: 153713 -> 153717
INFO - tokens - ✅ Token setup complete. Added 2052 new tokens.
INFO - tokens - 🔧 Setting up unified token management...
INFO - tokens - 🔍 Detecting existing tokens...
INFO - tokens -    ✅ Found object_ref_start: <|object_ref_start|> -> ID 151646
INFO - tokens -    ✅ Found object_ref_end: <|object_ref_end|> -> ID 151647
INFO - tokens -    ✅ Found box_start: <|box_start|> -> ID 151648
INFO - tokens -    ✅ Found box_end: <|box_end|> -> ID 151649
INFO - tokens - ➕ Adding new geometry tokens...
INFO - tokens -    ✅ All geometry tokens already exist
INFO - tokens - ➕ Adding coordinate tokens [0, 2047]...
INFO - tokens -    ✅ All coordinate tokens already exist
INFO - tokens - ✅ Token setup complete. Added 0 new tokens.
INFO - training - 🚀 Coordinate token setup complete. Extended vocab: 153713
INFO - training - 🔧 Model on device: cuda:0 (embeddings handled by base model)
INFO - training - 📄 No coordinate extensions found - using standard model
INFO - unified_loader - 🔧 Validating coordinate token vocabulary consistency
INFO - unified_loader - 📊 Model vocab size: 153717
INFO - unified_loader - 📊 Tokenizer vocab size: 153717
INFO - unified_loader - 📊 Extended vocab size: 153713
INFO - unified_loader - ✅ Model has coordinate token extensions - ensuring consistency
INFO - unified_loader - ✅ Set detection_enabled=True for coordinate token model
INFO - unified_loader - ✅ Detection-enabled model loaded successfully
INFO - unified_loader - 🔍 SPECIAL TOKEN IDs:
INFO - unified_loader -    <|box_start|>: 151648
INFO - unified_loader -    <|box_end|>: 151649
INFO - unified_loader -    <|square_start|>: 151667
INFO - unified_loader -    <|square_end|>: 151668
INFO - unified_loader -    <|line_start|>: 151665
INFO - unified_loader -    <|line_end|>: 151666
INFO - unified_loader -    <|object_ref_start|>: 151646
INFO - unified_loader -    <|object_ref_end|>: 151647
INFO - unified_loader - 📊 Loading processor from: /data3/Qwen2.5-VL-main/model_cache/Qwen/Qwen2.5-VL-3B-Instruct
INFO - unified_loader - ✅ Processor loaded successfully
INFO - unified_loader - 🔧 Applying training chat template...
INFO - unified_loader - ✅ Training chat template applied
INFO - unified_loader - 🔍 Verifying Qwen2.5-VL patches...
INFO - patches - ✅ mRoPE patch verification successful
INFO - patches - ✅ Safe visual forward patch verification successful
INFO - patches - ✅ All patch verifications successful
INFO - unified_loader - ✅ UNIFIED MODEL LOADING COMPLETE
INFO - unified_loader -    Model type: Detection-enabled
INFO - unified_loader -    Tokenizer vocab size: 153717
INFO - unified_loader -    Tokenizer padding side: left
INFO - unified_loader -    Model device: cuda:0
INFO - unified_loader -    Model dtype: torch.bfloat16
INFO - unified_loader - 🎯 Initializing Token Managers for vocabulary extension...
INFO - unified_loader - 🔢 Adding 2048 coordinate tokens to vocabulary
INFO - unified_loader - 📐 Adding 4 geometry tokens to vocabulary
INFO - unified_loader - 📊 Vocabulary extension: 151665 + 2052 = 153717
INFO - tokens - 🔧 Setting up unified token management...
INFO - tokens - 🔍 Detecting existing tokens...
INFO - tokens -    ✅ Found object_ref_start: <|object_ref_start|> -> ID 151646
INFO - tokens -    ✅ Found object_ref_end: <|object_ref_end|> -> ID 151647
INFO - tokens -    ✅ Found box_start: <|box_start|> -> ID 151648
INFO - tokens -    ✅ Found box_end: <|box_end|> -> ID 151649
INFO - tokens - ➕ Adding new geometry tokens...
INFO - tokens -    ✅ All geometry tokens already exist
INFO - tokens - ➕ Adding coordinate tokens [0, 2047]...
INFO - tokens -    ✅ All coordinate tokens already exist
INFO - tokens - ✅ Token setup complete. Added 0 new tokens.
INFO - unified_loader - 📊 FINAL VOCABULARY VERIFICATION:
INFO - unified_loader -    Expected size: 153717
INFO - unified_loader -    Tokenizer size: 153717
INFO - unified_loader -    Model embedding size: 153717
INFO - unified_loader - ✅ Final tokenizer size verified: 153717
INFO - unified_loader - ✅ Model-tokenizer size consistency verified: 153717
INFO - unified_loader - ✅ Simple Token Manager initialized successfully!
INFO - gpu_test_base - 💾 Cached model: packed_collator_model (cache size: 2)
INFO - test_utils - ✅ Model loading (/data3/Qwen2.5-VL-main/model_cache/Qwen/Qwen2.5-VL-3B-Instruct) - Final GPU memory: 14530.5 MB (+7283.0 MB)
INFO - training - 📄 DataProcessor using explicit configuration system
INFO - training - 🎯 Updating coordinate token ranges in chat processor...
INFO - chat - 🎯 Initializing coordinate manager with current tokenizer...
INFO - tokens - 🎯 Found coordinate tokens: range [151669, 153717)
INFO - chat - ✅ Coordinate manager initialized successfully
INFO - chat -    max_coord_value: 2048
INFO - chat -    Language: chinese
INFO - chat -    Output format: Coordinate tokens + JSON fallback
INFO - training - ✅ Chat processor initialized with coordinate tokens (geometry + object_ref wrapping)
INFO - data - Loaded 3 teacher samples from /tmp/bbu_test_data_aikz5qps/teacher.jsonl
INFO - data - ✅ TeacherPoolManager initialized:
INFO - data -    Teacher pool file: /tmp/bbu_test_data_aikz5qps/teacher.jsonl
INFO - data -    Data root: /tmp/bbu_test_data_aikz5qps
INFO - data -    Number of teacher images: 3
INFO - data -    Number of teacher samples: 3
INFO - data - Created teacher pool manager with 3 samples
INFO - training - ✅ Teacher pool manager initialized: /tmp/bbu_test_data_aikz5qps/teacher.jsonl
INFO - training - 📊 Creating datasets...
INFO - data - Loaded 7 flat samples from /tmp/bbu_test_data_aikz5qps/train.jsonl
INFO - data - Dataset mode: training
INFO - data - Teacher ratio: 0.7
INFO - data - Teacher pool size: 3
INFO - data - Dataset /tmp/bbu_test_data_aikz5qps/train.jsonl: teacher ratio set to 0.7, num_teachers=1
INFO - data - Loaded 2 flat samples from /tmp/bbu_test_data_aikz5qps/val.jsonl
INFO - data - Dataset mode: evaluation
INFO - data - Teacher ratio: 0.0
INFO - data - Dataset /tmp/bbu_test_data_aikz5qps/val.jsonl: teacher ratio set to 0.7, num_teachers=1
INFO - data - Loaded 3 teacher samples from /tmp/bbu_test_data_aikz5qps/teacher.jsonl
INFO - data - ✅ TeacherPoolManager initialized:
INFO - data -    Teacher pool file: /tmp/bbu_test_data_aikz5qps/teacher.jsonl
INFO - data -    Data root: /tmp/bbu_test_data_aikz5qps
INFO - data -    Number of teacher images: 3
INFO - data -    Number of teacher samples: 3
INFO - data - Created teacher pool manager with 3 samples
INFO - training - ✅ Datasets created: Train=7, Eval=2
INFO - training - 🛡️ Datasets returned directly (wrapper temporarily disabled)
INFO - test_utils - ⏱️ Packed collator batch creation took 0.01 seconds
INFO - test_data_pipeline - ✅ PackedDataCollator test passed - Memory efficiency: 88.60%
INFO - test_data_pipeline - 🧪 Testing StandardDataCollator
INFO - test_config - ✅ Created coordinate enabled config: /data3/Qwen2.5-VL-main/tests/configs/coordinate_enabled_standard.yaml
INFO - test_utils - 🧹 Cleaned up: model, tokenizer, processor
INFO - gpu_test_base - 🗑️ Removed cached model: error_handling_model (cache full)
INFO - test_utils - 💾 GPU Memory Check: 73746.6 MB available, 2000.0 MB required
INFO - test_utils - 🚀 Model loading (/data3/Qwen2.5-VL-main/model_cache/Qwen/Qwen2.5-VL-3B-Instruct) - Initial GPU memory: 7291.1 MB
INFO - unified_loader - 🔧 UNIFIED MODEL LOADING: /data3/Qwen2.5-VL-main/model_cache/Qwen/Qwen2.5-VL-3B-Instruct
INFO - unified_loader -    Mode: TRAINING
INFO - unified_loader - 📄 Using global configuration system (fallback)
INFO - unified_loader - 🔧 Applying comprehensive Qwen2.5-VL fixes...
INFO - patches - ✅ Official mRoPE fix applied (with batch dimension fix)
INFO - patches - ✅ Safe visual forward patch applied for generation
INFO - patches - 🔇 qwenvl Flash-Attention override skipped – using HF default
INFO - patches - ✅ All Qwen2.5-VL fixes applied successfully
INFO - patches -    - mRoPE: Uses official doubling logic + batch fix
INFO - patches -    - Visual: Safe processing for generation
INFO - patches -    - Dimension handling: Robust edge case management
INFO - patches -    - Batch handling: Fixed mrope_section duplication
INFO - unified_loader - 🎯 Detection wrapper enabled for coordinate tokens: True
INFO - unified_loader - 🎯 Coordinate tokens enabled: True
INFO - unified_loader - ⚡ Attention implementation OVERRIDE: flash_attention_2
INFO - unified_loader - 🔤 Loading tokenizer from: /data3/Qwen2.5-VL-main/model_cache/Qwen/Qwen2.5-VL-3B-Instruct
INFO - unified_loader - [PADDING_SIDE_CHECK] Tokenizer padding side after load: left
INFO - unified_loader - 🎯 Loading DETECTION-ENABLED model via wrapper
INFO - unified_loader - 🔧 Coordinate tokens enabled: True
INFO - unified_loader - ✅ Coordinate token configuration created
INFO - training - 🔧 Model loaded with attention: flash_attention_2
INFO - training - 🔧 Model config attn_implementation: flash_attention_2
INFO - patches - ✅ Official mRoPE fix applied (with batch dimension fix)
INFO - patches - ✅ Safe visual forward patch applied for generation
INFO - patches - 🔇 qwenvl Flash-Attention override skipped – using HF default
INFO - patches - ✅ All Qwen2.5-VL fixes applied successfully
INFO - patches -    - mRoPE: Uses official doubling logic + batch fix
INFO - patches -    - Visual: Safe processing for generation
INFO - patches -    - Dimension handling: Robust edge case management
INFO - patches -    - Batch handling: Fixed mrope_section duplication
INFO - training - 🚀 Setting up coordinate tokens (enabled: True)
INFO - training -    🎯 Initializing coordinate tokens [151665:153713]
INFO - training -    🔓 All embeddings jointly trainable for BBU domain adaptation
INFO - training -    ✅ Created extended embeddings: 153713 tokens
INFO - training -    ✅ Initialized 2048 coordinate tokens with std=0.02
INFO - training -    🎯 Initializing coordinate projections [151665:153713]
INFO - training -    🔓 All projections jointly trainable for BBU domain adaptation
INFO - training -    ✅ Created extended LM head: 153713 tokens
INFO - training -    ✅ Initialized 2048 coordinate projections with std=0.02
INFO - tokens - 🔧 Setting up unified token management...
INFO - tokens - 🔍 Detecting existing tokens...
INFO - tokens -    ✅ Found object_ref_start: <|object_ref_start|> -> ID 151646
INFO - tokens -    ✅ Found object_ref_end: <|object_ref_end|> -> ID 151647
INFO - tokens -    ✅ Found box_start: <|box_start|> -> ID 151648
INFO - tokens -    ✅ Found box_end: <|box_end|> -> ID 151649
INFO - tokens - ➕ Adding new geometry tokens...
INFO - tokens -    ✅ Added 4 geometry tokens: ['<|line_start|>', '<|line_end|>', '<|square_start|>', '<|square_end|>']
INFO - tokens - ➕ Adding coordinate tokens [0, 2047]...
INFO - tokens -    ✅ Added coordinate token batch 1: 1000 tokens
INFO - tokens -    ✅ Added coordinate token batch 2: 1000 tokens
INFO - tokens -    ✅ Added coordinate token batch 3: 48 tokens
INFO - tokens -    ✅ Total coordinate tokens added: 2048
INFO - tokens - 🔧 Resizing model embeddings for 2052 new tokens...
INFO - tokens -    ✅ Embeddings resized: 153713 -> 153717
INFO - tokens - ✅ Token setup complete. Added 2052 new tokens.
INFO - tokens - 🔧 Setting up unified token management...
INFO - tokens - 🔍 Detecting existing tokens...
INFO - tokens -    ✅ Found object_ref_start: <|object_ref_start|> -> ID 151646
INFO - tokens -    ✅ Found object_ref_end: <|object_ref_end|> -> ID 151647
INFO - tokens -    ✅ Found box_start: <|box_start|> -> ID 151648
INFO - tokens -    ✅ Found box_end: <|box_end|> -> ID 151649
INFO - tokens - ➕ Adding new geometry tokens...
INFO - tokens -    ✅ All geometry tokens already exist
INFO - tokens - ➕ Adding coordinate tokens [0, 2047]...
INFO - tokens -    ✅ All coordinate tokens already exist
INFO - tokens - ✅ Token setup complete. Added 0 new tokens.
INFO - training - 🚀 Coordinate token setup complete. Extended vocab: 153713
INFO - training - 🔧 Model on device: cuda:0 (embeddings handled by base model)
INFO - training - 📄 No coordinate extensions found - using standard model
INFO - unified_loader - 🔧 Validating coordinate token vocabulary consistency
INFO - unified_loader - 📊 Model vocab size: 153717
INFO - unified_loader - 📊 Tokenizer vocab size: 153717
INFO - unified_loader - 📊 Extended vocab size: 153713
INFO - unified_loader - ✅ Model has coordinate token extensions - ensuring consistency
INFO - unified_loader - ✅ Set detection_enabled=True for coordinate token model
INFO - unified_loader - ✅ Detection-enabled model loaded successfully
INFO - unified_loader - 🔍 SPECIAL TOKEN IDs:
INFO - unified_loader -    <|box_start|>: 151648
INFO - unified_loader -    <|box_end|>: 151649
INFO - unified_loader -    <|square_start|>: 151667
INFO - unified_loader -    <|square_end|>: 151668
INFO - unified_loader -    <|line_start|>: 151665
INFO - unified_loader -    <|line_end|>: 151666
INFO - unified_loader -    <|object_ref_start|>: 151646
INFO - unified_loader -    <|object_ref_end|>: 151647
INFO - unified_loader - 📊 Loading processor from: /data3/Qwen2.5-VL-main/model_cache/Qwen/Qwen2.5-VL-3B-Instruct
INFO - unified_loader - ✅ Processor loaded successfully
INFO - unified_loader - 🔧 Applying training chat template...
INFO - unified_loader - ✅ Training chat template applied
INFO - unified_loader - 🔍 Verifying Qwen2.5-VL patches...
INFO - patches - ✅ mRoPE patch verification successful
INFO - patches - ✅ Safe visual forward patch verification successful
INFO - patches - ✅ All patch verifications successful
INFO - unified_loader - ✅ UNIFIED MODEL LOADING COMPLETE
INFO - unified_loader -    Model type: Detection-enabled
INFO - unified_loader -    Tokenizer vocab size: 153717
INFO - unified_loader -    Tokenizer padding side: left
INFO - unified_loader -    Model device: cuda:0
INFO - unified_loader -    Model dtype: torch.bfloat16
INFO - unified_loader - 🎯 Initializing Token Managers for vocabulary extension...
INFO - unified_loader - 🔢 Adding 2048 coordinate tokens to vocabulary
INFO - unified_loader - 📐 Adding 4 geometry tokens to vocabulary
INFO - unified_loader - 📊 Vocabulary extension: 151665 + 2052 = 153717
INFO - tokens - 🔧 Setting up unified token management...
INFO - tokens - 🔍 Detecting existing tokens...
INFO - tokens -    ✅ Found object_ref_start: <|object_ref_start|> -> ID 151646
INFO - tokens -    ✅ Found object_ref_end: <|object_ref_end|> -> ID 151647
INFO - tokens -    ✅ Found box_start: <|box_start|> -> ID 151648
INFO - tokens -    ✅ Found box_end: <|box_end|> -> ID 151649
INFO - tokens - ➕ Adding new geometry tokens...
INFO - tokens -    ✅ All geometry tokens already exist
INFO - tokens - ➕ Adding coordinate tokens [0, 2047]...
INFO - tokens -    ✅ All coordinate tokens already exist
INFO - tokens - ✅ Token setup complete. Added 0 new tokens.
INFO - unified_loader - 📊 FINAL VOCABULARY VERIFICATION:
INFO - unified_loader -    Expected size: 153717
INFO - unified_loader -    Tokenizer size: 153717
INFO - unified_loader -    Model embedding size: 153717
INFO - unified_loader - ✅ Final tokenizer size verified: 153717
INFO - unified_loader - ✅ Model-tokenizer size consistency verified: 153717
INFO - unified_loader - ✅ Simple Token Manager initialized successfully!
INFO - gpu_test_base - 💾 Cached model: standard_collator_model (cache size: 2)
INFO - test_utils - ✅ Model loading (/data3/Qwen2.5-VL-main/model_cache/Qwen/Qwen2.5-VL-3B-Instruct) - Final GPU memory: 14501.5 MB (+7210.3 MB)
INFO - training - 📄 DataProcessor using explicit configuration system
INFO - training - 🎯 Updating coordinate token ranges in chat processor...
INFO - chat - 🎯 Initializing coordinate manager with current tokenizer...
INFO - tokens - 🎯 Found coordinate tokens: range [151669, 153717)
INFO - chat - ✅ Coordinate manager initialized successfully
INFO - chat -    max_coord_value: 2048
INFO - chat -    Language: chinese
INFO - chat -    Output format: Coordinate tokens + JSON fallback
INFO - training - ✅ Chat processor initialized with coordinate tokens (geometry + object_ref wrapping)
INFO - data - Loaded 3 teacher samples from /tmp/bbu_test_data_aikz5qps/teacher.jsonl
INFO - data - ✅ TeacherPoolManager initialized:
INFO - data -    Teacher pool file: /tmp/bbu_test_data_aikz5qps/teacher.jsonl
INFO - data -    Data root: /tmp/bbu_test_data_aikz5qps
INFO - data -    Number of teacher images: 3
INFO - data -    Number of teacher samples: 3
INFO - data - Created teacher pool manager with 3 samples
INFO - training - ✅ Teacher pool manager initialized: /tmp/bbu_test_data_aikz5qps/teacher.jsonl
INFO - training - 📊 Creating datasets...
INFO - data - Loaded 7 flat samples from /tmp/bbu_test_data_aikz5qps/train.jsonl
INFO - data - Dataset mode: training
INFO - data - Teacher ratio: 0.7
INFO - data - Teacher pool size: 3
INFO - data - Dataset /tmp/bbu_test_data_aikz5qps/train.jsonl: teacher ratio set to 0.7, num_teachers=1
INFO - data - Loaded 2 flat samples from /tmp/bbu_test_data_aikz5qps/val.jsonl
INFO - data - Dataset mode: evaluation
INFO - data - Teacher ratio: 0.0
INFO - data - Dataset /tmp/bbu_test_data_aikz5qps/val.jsonl: teacher ratio set to 0.7, num_teachers=1
INFO - data - Loaded 3 teacher samples from /tmp/bbu_test_data_aikz5qps/teacher.jsonl
INFO - data - ✅ TeacherPoolManager initialized:
INFO - data -    Teacher pool file: /tmp/bbu_test_data_aikz5qps/teacher.jsonl
INFO - data -    Data root: /tmp/bbu_test_data_aikz5qps
INFO - data -    Number of teacher images: 3
INFO - data -    Number of teacher samples: 3
INFO - data - Created teacher pool manager with 3 samples
INFO - training - ✅ Datasets created: Train=7, Eval=2
INFO - training - 🛡️ Datasets returned directly (wrapper temporarily disabled)
INFO - test_utils - ⏱️ Standard collator batch creation took 0.03 seconds
INFO - test_data_pipeline - ✅ StandardDataCollator test passed - Memory efficiency: 95.93%
INFO - test_data_pipeline - 🧪 Testing Teacher-Student Pairing
INFO - test_config - ✅ Created coordinate enabled config: /data3/Qwen2.5-VL-main/tests/configs/coordinate_enabled_standard.yaml
INFO - test_utils - 🧹 Cleaned up: model, tokenizer, processor
INFO - gpu_test_base - 🗑️ Removed cached model: packed_collator_model (cache full)
INFO - test_utils - 💾 GPU Memory Check: 73819.3 MB available, 2000.0 MB required
INFO - test_utils - 🚀 Model loading (/data3/Qwen2.5-VL-main/model_cache/Qwen/Qwen2.5-VL-3B-Instruct) - Initial GPU memory: 7218.5 MB
INFO - unified_loader - 🔧 UNIFIED MODEL LOADING: /data3/Qwen2.5-VL-main/model_cache/Qwen/Qwen2.5-VL-3B-Instruct
INFO - unified_loader -    Mode: TRAINING
INFO - unified_loader - 📄 Using global configuration system (fallback)
INFO - unified_loader - 🔧 Applying comprehensive Qwen2.5-VL fixes...
INFO - patches - ✅ Official mRoPE fix applied (with batch dimension fix)
INFO - patches - ✅ Safe visual forward patch applied for generation
INFO - patches - 🔇 qwenvl Flash-Attention override skipped – using HF default
INFO - patches - ✅ All Qwen2.5-VL fixes applied successfully
INFO - patches -    - mRoPE: Uses official doubling logic + batch fix
INFO - patches -    - Visual: Safe processing for generation
INFO - patches -    - Dimension handling: Robust edge case management
INFO - patches -    - Batch handling: Fixed mrope_section duplication
INFO - unified_loader - 🎯 Detection wrapper enabled for coordinate tokens: True
INFO - unified_loader - 🎯 Coordinate tokens enabled: True
INFO - unified_loader - ⚡ Attention implementation OVERRIDE: flash_attention_2
INFO - unified_loader - 🔤 Loading tokenizer from: /data3/Qwen2.5-VL-main/model_cache/Qwen/Qwen2.5-VL-3B-Instruct
INFO - unified_loader - [PADDING_SIDE_CHECK] Tokenizer padding side after load: left
INFO - unified_loader - 🎯 Loading DETECTION-ENABLED model via wrapper
INFO - unified_loader - 🔧 Coordinate tokens enabled: True
INFO - unified_loader - ✅ Coordinate token configuration created
INFO - training - 🔧 Model loaded with attention: flash_attention_2
INFO - training - 🔧 Model config attn_implementation: flash_attention_2
INFO - patches - ✅ Official mRoPE fix applied (with batch dimension fix)
INFO - patches - ✅ Safe visual forward patch applied for generation
INFO - patches - 🔇 qwenvl Flash-Attention override skipped – using HF default
INFO - patches - ✅ All Qwen2.5-VL fixes applied successfully
INFO - patches -    - mRoPE: Uses official doubling logic + batch fix
INFO - patches -    - Visual: Safe processing for generation
INFO - patches -    - Dimension handling: Robust edge case management
INFO - patches -    - Batch handling: Fixed mrope_section duplication
INFO - training - 🚀 Setting up coordinate tokens (enabled: True)
INFO - training -    🎯 Initializing coordinate tokens [151665:153713]
INFO - training -    🔓 All embeddings jointly trainable for BBU domain adaptation
INFO - training -    ✅ Created extended embeddings: 153713 tokens
INFO - training -    ✅ Initialized 2048 coordinate tokens with std=0.02
INFO - training -    🎯 Initializing coordinate projections [151665:153713]
INFO - training -    🔓 All projections jointly trainable for BBU domain adaptation
INFO - training -    ✅ Created extended LM head: 153713 tokens
INFO - training -    ✅ Initialized 2048 coordinate projections with std=0.02
INFO - tokens - 🔧 Setting up unified token management...
INFO - tokens - 🔍 Detecting existing tokens...
INFO - tokens -    ✅ Found object_ref_start: <|object_ref_start|> -> ID 151646
INFO - tokens -    ✅ Found object_ref_end: <|object_ref_end|> -> ID 151647
INFO - tokens -    ✅ Found box_start: <|box_start|> -> ID 151648
INFO - tokens -    ✅ Found box_end: <|box_end|> -> ID 151649
INFO - tokens - ➕ Adding new geometry tokens...
INFO - tokens -    ✅ Added 4 geometry tokens: ['<|line_start|>', '<|line_end|>', '<|square_start|>', '<|square_end|>']
INFO - tokens - ➕ Adding coordinate tokens [0, 2047]...
INFO - tokens -    ✅ Added coordinate token batch 1: 1000 tokens
INFO - tokens -    ✅ Added coordinate token batch 2: 1000 tokens
INFO - tokens -    ✅ Added coordinate token batch 3: 48 tokens
INFO - tokens -    ✅ Total coordinate tokens added: 2048
INFO - tokens - 🔧 Resizing model embeddings for 2052 new tokens...
INFO - tokens -    ✅ Embeddings resized: 153713 -> 153717
INFO - tokens - ✅ Token setup complete. Added 2052 new tokens.
INFO - tokens - 🔧 Setting up unified token management...
INFO - tokens - 🔍 Detecting existing tokens...
INFO - tokens -    ✅ Found object_ref_start: <|object_ref_start|> -> ID 151646
INFO - tokens -    ✅ Found object_ref_end: <|object_ref_end|> -> ID 151647
INFO - tokens -    ✅ Found box_start: <|box_start|> -> ID 151648
INFO - tokens -    ✅ Found box_end: <|box_end|> -> ID 151649
INFO - tokens - ➕ Adding new geometry tokens...
INFO - tokens -    ✅ All geometry tokens already exist
INFO - tokens - ➕ Adding coordinate tokens [0, 2047]...
INFO - tokens -    ✅ All coordinate tokens already exist
INFO - tokens - ✅ Token setup complete. Added 0 new tokens.
INFO - training - 🚀 Coordinate token setup complete. Extended vocab: 153713
INFO - training - 🔧 Model on device: cuda:0 (embeddings handled by base model)
INFO - training - 📄 No coordinate extensions found - using standard model
INFO - unified_loader - 🔧 Validating coordinate token vocabulary consistency
INFO - unified_loader - 📊 Model vocab size: 153717
INFO - unified_loader - 📊 Tokenizer vocab size: 153717
INFO - unified_loader - 📊 Extended vocab size: 153713
INFO - unified_loader - ✅ Model has coordinate token extensions - ensuring consistency
INFO - unified_loader - ✅ Set detection_enabled=True for coordinate token model
INFO - unified_loader - ✅ Detection-enabled model loaded successfully
INFO - unified_loader - 🔍 SPECIAL TOKEN IDs:
INFO - unified_loader -    <|box_start|>: 151648
INFO - unified_loader -    <|box_end|>: 151649
INFO - unified_loader -    <|square_start|>: 151667
INFO - unified_loader -    <|square_end|>: 151668
INFO - unified_loader -    <|line_start|>: 151665
INFO - unified_loader -    <|line_end|>: 151666
INFO - unified_loader -    <|object_ref_start|>: 151646
INFO - unified_loader -    <|object_ref_end|>: 151647
INFO - unified_loader - 📊 Loading processor from: /data3/Qwen2.5-VL-main/model_cache/Qwen/Qwen2.5-VL-3B-Instruct
INFO - unified_loader - ✅ Processor loaded successfully
INFO - unified_loader - 🔧 Applying training chat template...
INFO - unified_loader - ✅ Training chat template applied
INFO - unified_loader - 🔍 Verifying Qwen2.5-VL patches...
INFO - patches - ✅ mRoPE patch verification successful
INFO - patches - ✅ Safe visual forward patch verification successful
INFO - patches - ✅ All patch verifications successful
INFO - unified_loader - ✅ UNIFIED MODEL LOADING COMPLETE
INFO - unified_loader -    Model type: Detection-enabled
INFO - unified_loader -    Tokenizer vocab size: 153717
INFO - unified_loader -    Tokenizer padding side: left
INFO - unified_loader -    Model device: cuda:0
INFO - unified_loader -    Model dtype: torch.bfloat16
INFO - unified_loader - 🎯 Initializing Token Managers for vocabulary extension...
INFO - unified_loader - 🔢 Adding 2048 coordinate tokens to vocabulary
INFO - unified_loader - 📐 Adding 4 geometry tokens to vocabulary
INFO - unified_loader - 📊 Vocabulary extension: 151665 + 2052 = 153717
INFO - tokens - 🔧 Setting up unified token management...
INFO - tokens - 🔍 Detecting existing tokens...
INFO - tokens -    ✅ Found object_ref_start: <|object_ref_start|> -> ID 151646
INFO - tokens -    ✅ Found object_ref_end: <|object_ref_end|> -> ID 151647
INFO - tokens -    ✅ Found box_start: <|box_start|> -> ID 151648
INFO - tokens -    ✅ Found box_end: <|box_end|> -> ID 151649
INFO - tokens - ➕ Adding new geometry tokens...
INFO - tokens -    ✅ All geometry tokens already exist
INFO - tokens - ➕ Adding coordinate tokens [0, 2047]...
INFO - tokens -    ✅ All coordinate tokens already exist
INFO - tokens - ✅ Token setup complete. Added 0 new tokens.
INFO - unified_loader - 📊 FINAL VOCABULARY VERIFICATION:
INFO - unified_loader -    Expected size: 153717
INFO - unified_loader -    Tokenizer size: 153717
INFO - unified_loader -    Model embedding size: 153717
INFO - unified_loader - ✅ Final tokenizer size verified: 153717
INFO - unified_loader - ✅ Model-tokenizer size consistency verified: 153717
INFO - unified_loader - ✅ Simple Token Manager initialized successfully!
INFO - gpu_test_base - 💾 Cached model: teacher_student_model (cache size: 2)
INFO - test_utils - ✅ Model loading (/data3/Qwen2.5-VL-main/model_cache/Qwen/Qwen2.5-VL-3B-Instruct) - Final GPU memory: 14496.6 MB (+7278.1 MB)
INFO - training - 📄 DataProcessor using explicit configuration system
INFO - training - 🎯 Updating coordinate token ranges in chat processor...
INFO - chat - 🎯 Initializing coordinate manager with current tokenizer...
INFO - tokens - 🎯 Found coordinate tokens: range [151669, 153717)
INFO - chat - ✅ Coordinate manager initialized successfully
INFO - chat -    max_coord_value: 2048
INFO - chat -    Language: chinese
INFO - chat -    Output format: Coordinate tokens + JSON fallback
INFO - training - ✅ Chat processor initialized with coordinate tokens (geometry + object_ref wrapping)
INFO - data - Loaded 3 teacher samples from /tmp/bbu_test_data_aikz5qps/teacher.jsonl
INFO - data - ✅ TeacherPoolManager initialized:
INFO - data -    Teacher pool file: /tmp/bbu_test_data_aikz5qps/teacher.jsonl
INFO - data -    Data root: /tmp/bbu_test_data_aikz5qps
INFO - data -    Number of teacher images: 3
INFO - data -    Number of teacher samples: 3
INFO - data - Created teacher pool manager with 3 samples
INFO - training - ✅ Teacher pool manager initialized: /tmp/bbu_test_data_aikz5qps/teacher.jsonl
INFO - training - 📊 Creating datasets...
INFO - data - Loaded 7 flat samples from /tmp/bbu_test_data_aikz5qps/train.jsonl
INFO - data - Dataset mode: training
INFO - data - Teacher ratio: 0.7
INFO - data - Teacher pool size: 3
INFO - data - Dataset /tmp/bbu_test_data_aikz5qps/train.jsonl: teacher ratio set to 0.7, num_teachers=1
INFO - data - Loaded 2 flat samples from /tmp/bbu_test_data_aikz5qps/val.jsonl
INFO - data - Dataset mode: evaluation
INFO - data - Teacher ratio: 0.0
INFO - data - Dataset /tmp/bbu_test_data_aikz5qps/val.jsonl: teacher ratio set to 0.7, num_teachers=1
INFO - data - Loaded 3 teacher samples from /tmp/bbu_test_data_aikz5qps/teacher.jsonl
INFO - data - ✅ TeacherPoolManager initialized:
INFO - data -    Teacher pool file: /tmp/bbu_test_data_aikz5qps/teacher.jsonl
INFO - data -    Data root: /tmp/bbu_test_data_aikz5qps
INFO - data -    Number of teacher images: 3
INFO - data -    Number of teacher samples: 3
INFO - data - Created teacher pool manager with 3 samples
INFO - training - ✅ Datasets created: Train=7, Eval=2
INFO - training - 🛡️ Datasets returned directly (wrapper temporarily disabled)
INFO - test_data_pipeline - ✅ Teacher-student pairing test passed:
INFO - test_data_pipeline -    Samples with teachers: 5
INFO - test_data_pipeline -    Samples without teachers: 2
INFO - test_data_pipeline -    Actual teacher ratio: 71.43%
INFO - synthetic_data - 🧹 Cleaned up test data: /tmp/bbu_test_data_aikz5qps
INFO - test_config - 🧹 Cleaned up test configs: /data3/Qwen2.5-VL-main/tests/configs
INFO - test_data_pipeline - 🧹 Test teardown complete
INFO - test_integration - 🧪 Starting Integration Tests
INFO - synthetic_data - 🎨 Initialized SyntheticDataGenerator: 8 samples, (168, 168) images
INFO - synthetic_data - 📁 Data directory: /tmp/bbu_test_data_no543x0r
INFO - synthetic_data - 🎨 Generating complete dataset: 8 samples
INFO - synthetic_data - ✅ Generated train.jsonl: 4 samples
INFO - synthetic_data - ✅ Generated val.jsonl: 1 samples
INFO - synthetic_data - ✅ Generated teacher.jsonl: 3 samples
INFO - synthetic_data - 🎯 Dataset generation complete!
INFO - synthetic_data -    📁 Data root: /tmp/bbu_test_data_no543x0r
INFO - synthetic_data -    🖼️ Images: 8 synthetic images
INFO - synthetic_data -    📊 Split: 4 train, 1 val, 3 teacher
INFO - test_config - 📄 TestConfigFactory initialized: /data3/Qwen2.5-VL-main/tests/configs
INFO - test_integration - ✅ Integration test setup complete: /tmp/bbu_test_data_no543x0r
INFO - test_integration - 🧪 Testing End-to-End Pipeline - Coordinate Mode
INFO - test_config - ✅ Created coordinate enabled config: /data3/Qwen2.5-VL-main/tests/configs/coordinate_enabled_standard.yaml
INFO - test_integration - ✅ Validated train data file: 4 samples
INFO - test_integration - ✅ Validated val data file: 1 samples
INFO - test_integration - ✅ Validated teacher data file: 3 samples
INFO - test_utils - ⏱️ coordinate_mode data validation took 0.00 seconds
INFO - training - 🏭 Creating trainer with new coordinator system...
INFO - training - 📄 Using BBU configuration system
INFO - training - 🤖 Loading model...
INFO - unified_loader - 🔧 UNIFIED MODEL LOADING: /data3/Qwen2.5-VL-main/model_cache/Qwen/Qwen2.5-VL-3B-Instruct
INFO - unified_loader -    Mode: TRAINING
INFO - unified_loader - 📄 Using explicit configuration system
INFO - unified_loader - 🔧 Applying comprehensive Qwen2.5-VL fixes...
INFO - patches - ✅ Official mRoPE fix applied (with batch dimension fix)
INFO - patches - ✅ Safe visual forward patch applied for generation
INFO - patches - 🔇 qwenvl Flash-Attention override skipped – using HF default
INFO - patches - ✅ All Qwen2.5-VL fixes applied successfully
INFO - patches -    - mRoPE: Uses official doubling logic + batch fix
INFO - patches -    - Visual: Safe processing for generation
INFO - patches -    - Dimension handling: Robust edge case management
INFO - patches -    - Batch handling: Fixed mrope_section duplication
INFO - unified_loader - 🎯 Detection wrapper enabled for coordinate tokens: True
INFO - unified_loader - 🎯 Coordinate tokens enabled: True
INFO - unified_loader - ⚡ Attention implementation OVERRIDE: flash_attention_2
INFO - unified_loader - 🔤 Loading tokenizer from: /data3/Qwen2.5-VL-main/model_cache/Qwen/Qwen2.5-VL-3B-Instruct
INFO - unified_loader - [PADDING_SIDE_CHECK] Tokenizer padding side after load: left
INFO - unified_loader - 🎯 Loading DETECTION-ENABLED model via wrapper
INFO - unified_loader - 🔧 Coordinate tokens enabled: True
INFO - unified_loader - ✅ Coordinate token configuration created
INFO - training - 🔧 Model loaded with attention: flash_attention_2
INFO - training - 🔧 Model config attn_implementation: flash_attention_2
INFO - patches - ✅ Official mRoPE fix applied (with batch dimension fix)
INFO - patches - ✅ Safe visual forward patch applied for generation
INFO - patches - 🔇 qwenvl Flash-Attention override skipped – using HF default
INFO - patches - ✅ All Qwen2.5-VL fixes applied successfully
INFO - patches -    - mRoPE: Uses official doubling logic + batch fix
INFO - patches -    - Visual: Safe processing for generation
INFO - patches -    - Dimension handling: Robust edge case management
INFO - patches -    - Batch handling: Fixed mrope_section duplication
INFO - training - 🚀 Setting up coordinate tokens (enabled: True)
INFO - training -    🎯 Initializing coordinate tokens [151665:153713]
INFO - training -    🔓 All embeddings jointly trainable for BBU domain adaptation
INFO - training -    ✅ Created extended embeddings: 153713 tokens
INFO - training -    ✅ Initialized 2048 coordinate tokens with std=0.02
INFO - training -    🎯 Initializing coordinate projections [151665:153713]
INFO - training -    🔓 All projections jointly trainable for BBU domain adaptation
INFO - training -    ✅ Created extended LM head: 153713 tokens
INFO - training -    ✅ Initialized 2048 coordinate projections with std=0.02
INFO - tokens - 🔧 Setting up unified token management...
INFO - tokens - 🔍 Detecting existing tokens...
INFO - tokens -    ✅ Found object_ref_start: <|object_ref_start|> -> ID 151646
INFO - tokens -    ✅ Found object_ref_end: <|object_ref_end|> -> ID 151647
INFO - tokens -    ✅ Found box_start: <|box_start|> -> ID 151648
INFO - tokens -    ✅ Found box_end: <|box_end|> -> ID 151649
INFO - tokens - ➕ Adding new geometry tokens...
INFO - tokens -    ✅ Added 4 geometry tokens: ['<|line_start|>', '<|line_end|>', '<|square_start|>', '<|square_end|>']
INFO - tokens - ➕ Adding coordinate tokens [0, 2047]...
INFO - tokens -    ✅ Added coordinate token batch 1: 1000 tokens
INFO - tokens -    ✅ Added coordinate token batch 2: 1000 tokens
INFO - tokens -    ✅ Added coordinate token batch 3: 48 tokens
INFO - tokens -    ✅ Total coordinate tokens added: 2048
INFO - tokens - 🔧 Resizing model embeddings for 2052 new tokens...
INFO - tokens -    ✅ Embeddings resized: 153713 -> 153717
INFO - tokens - ✅ Token setup complete. Added 2052 new tokens.
INFO - tokens - 🔧 Setting up unified token management...
INFO - tokens - 🔍 Detecting existing tokens...
INFO - tokens -    ✅ Found object_ref_start: <|object_ref_start|> -> ID 151646
INFO - tokens -    ✅ Found object_ref_end: <|object_ref_end|> -> ID 151647
INFO - tokens -    ✅ Found box_start: <|box_start|> -> ID 151648
INFO - tokens -    ✅ Found box_end: <|box_end|> -> ID 151649
INFO - tokens - ➕ Adding new geometry tokens...
INFO - tokens -    ✅ All geometry tokens already exist
INFO - tokens - ➕ Adding coordinate tokens [0, 2047]...
INFO - tokens -    ✅ All coordinate tokens already exist
INFO - tokens - ✅ Token setup complete. Added 0 new tokens.
INFO - training - 🚀 Coordinate token setup complete. Extended vocab: 153713
INFO - training - 🔧 Model on device: cuda:0 (embeddings handled by base model)
INFO - training - 📄 No coordinate extensions found - using standard model
INFO - unified_loader - 🔧 Validating coordinate token vocabulary consistency
INFO - unified_loader - 📊 Model vocab size: 153717
INFO - unified_loader - 📊 Tokenizer vocab size: 153717
INFO - unified_loader - 📊 Extended vocab size: 153713
INFO - unified_loader - ✅ Model has coordinate token extensions - ensuring consistency
INFO - unified_loader - ✅ Set detection_enabled=True for coordinate token model
INFO - unified_loader - ✅ Detection-enabled model loaded successfully
INFO - unified_loader - 🔍 SPECIAL TOKEN IDs:
INFO - unified_loader -    <|box_start|>: 151648
INFO - unified_loader -    <|box_end|>: 151649
INFO - unified_loader -    <|square_start|>: 151667
INFO - unified_loader -    <|square_end|>: 151668
INFO - unified_loader -    <|line_start|>: 151665
INFO - unified_loader -    <|line_end|>: 151666
INFO - unified_loader -    <|object_ref_start|>: 151646
INFO - unified_loader -    <|object_ref_end|>: 151647
INFO - unified_loader - 📊 Loading processor from: /data3/Qwen2.5-VL-main/model_cache/Qwen/Qwen2.5-VL-3B-Instruct
INFO - unified_loader - ✅ Processor loaded successfully
INFO - unified_loader - 🔧 Applying training chat template...
INFO - unified_loader - ✅ Training chat template applied
INFO - unified_loader - 🔍 Verifying Qwen2.5-VL patches...
INFO - patches - ✅ mRoPE patch verification successful
INFO - patches - ✅ Safe visual forward patch verification successful
INFO - patches - ✅ All patch verifications successful
INFO - unified_loader - ✅ UNIFIED MODEL LOADING COMPLETE
INFO - unified_loader -    Model type: Detection-enabled
INFO - unified_loader -    Tokenizer vocab size: 153717
INFO - unified_loader -    Tokenizer padding side: left
INFO - unified_loader -    Model device: cuda:0
INFO - unified_loader -    Model dtype: torch.bfloat16
INFO - unified_loader - 🎯 Initializing Token Managers for vocabulary extension...
INFO - unified_loader - 🔢 Adding 2048 coordinate tokens to vocabulary
INFO - unified_loader - 📐 Adding 4 geometry tokens to vocabulary
INFO - unified_loader - 📊 Vocabulary extension: 151665 + 2052 = 153717
INFO - tokens - 🔧 Setting up unified token management...
INFO - tokens - 🔍 Detecting existing tokens...
INFO - tokens -    ✅ Found object_ref_start: <|object_ref_start|> -> ID 151646
INFO - tokens -    ✅ Found object_ref_end: <|object_ref_end|> -> ID 151647
INFO - tokens -    ✅ Found box_start: <|box_start|> -> ID 151648
INFO - tokens -    ✅ Found box_end: <|box_end|> -> ID 151649
INFO - tokens - ➕ Adding new geometry tokens...
INFO - tokens -    ✅ All geometry tokens already exist
INFO - tokens - ➕ Adding coordinate tokens [0, 2047]...
INFO - tokens -    ✅ All coordinate tokens already exist
INFO - tokens - ✅ Token setup complete. Added 0 new tokens.
INFO - unified_loader - 📊 FINAL VOCABULARY VERIFICATION:
INFO - unified_loader -    Expected size: 153717
INFO - unified_loader -    Tokenizer size: 153717
INFO - unified_loader -    Model embedding size: 153717
INFO - unified_loader - ✅ Final tokenizer size verified: 153717
INFO - unified_loader - ✅ Model-tokenizer size consistency verified: 153717
INFO - unified_loader - ✅ Simple Token Manager initialized successfully!
INFO - training - 📊 Creating datasets...
INFO - training - 📄 DataProcessor using explicit configuration system
INFO - training - 🎯 Updating coordinate token ranges in chat processor...
INFO - chat - 🎯 Initializing coordinate manager with current tokenizer...
INFO - tokens - 🎯 Found coordinate tokens: range [151669, 153717)
INFO - chat - ✅ Coordinate manager initialized successfully
INFO - chat -    max_coord_value: 2048
INFO - chat -    Language: chinese
INFO - chat -    Output format: Coordinate tokens + JSON fallback
INFO - training - ✅ Chat processor initialized with coordinate tokens (geometry + object_ref wrapping)
INFO - data - Loaded 3 teacher samples from /tmp/bbu_test_data_no543x0r/teacher.jsonl
INFO - data - ✅ TeacherPoolManager initialized:
INFO - data -    Teacher pool file: /tmp/bbu_test_data_no543x0r/teacher.jsonl
INFO - data -    Data root: /tmp/bbu_test_data_no543x0r
INFO - data -    Number of teacher images: 3
INFO - data -    Number of teacher samples: 3
INFO - data - Created teacher pool manager with 3 samples
INFO - training - ✅ Teacher pool manager initialized: /tmp/bbu_test_data_no543x0r/teacher.jsonl
INFO - training - 📊 Creating datasets...
INFO - data - Loaded 4 flat samples from /tmp/bbu_test_data_no543x0r/train.jsonl
INFO - data - Dataset mode: training
INFO - data - Teacher ratio: 0.7
INFO - data - Teacher pool size: 3
INFO - data - Dataset /tmp/bbu_test_data_no543x0r/train.jsonl: teacher ratio set to 0.7, num_teachers=1
INFO - data - Loaded 1 flat samples from /tmp/bbu_test_data_no543x0r/val.jsonl
INFO - data - Dataset mode: evaluation
INFO - data - Teacher ratio: 0.0
INFO - data - Dataset /tmp/bbu_test_data_no543x0r/val.jsonl: teacher ratio set to 0.7, num_teachers=1
INFO - data - Loaded 3 teacher samples from /tmp/bbu_test_data_no543x0r/teacher.jsonl
INFO - data - ✅ TeacherPoolManager initialized:
INFO - data -    Teacher pool file: /tmp/bbu_test_data_no543x0r/teacher.jsonl
INFO - data -    Data root: /tmp/bbu_test_data_no543x0r
INFO - data -    Number of teacher images: 3
INFO - data -    Number of teacher samples: 3
INFO - data - Created teacher pool manager with 3 samples
INFO - training - ✅ Datasets created: Train=4, Eval=1
INFO - training - 🛡️ Datasets returned directly (wrapper temporarily disabled)
INFO - training - 📦 Creating data collator...
INFO - training - 📦 Creating data collator...
INFO - training - ✅ Data collator created: standard
INFO - training - 🎯 Creating domain configs...
INFO - training - 🎯 Creating training coordinator...
INFO - training - 📊 Parameter Group Statistics:
INFO - training -    Total parameters: 824
INFO - training -    Trainable parameters: 824
INFO - training -    vision: 390/390 trainable, lr=5.00e-07
INFO - training -    llm: 434/434 trainable, lr=5.00e-06
WARNING - training - ⚠️  Component 'coordinate' has lr > 0 but no parameters found
WARNING - training - ⚠️  Coordinate token group enabled but no coordinate parameters found
INFO - training - ✅ Training coordinator initialized with typed configs
INFO - training -    Using domain-specific configuration classes
INFO - training - ✅ Parameter group 'vision': 390 params, lr=5.00e-07, wd=1.00e-04
INFO - training - ✅ Parameter group 'llm': 434 params, lr=5.00e-06, wd=1.00e-04
INFO - training - 🚀 Training setup completed:
INFO - training -    Parameter groups: 2
INFO - training -    Trainable parameters: 824
INFO - training -    Detection training: enabled
INFO - training - 🎯 Using new training coordinator system
INFO - training - ✅ Trainer created with coordinator system
INFO - training - 📊 Training Setup Summary:
INFO - training -    Trainable parameters: 824
INFO - training -    Enabled components: vision, merger, llm, coordinate
INFO - training -    Detection training: enabled
WARNING - training - ⚠️  Component 'coordinate' has lr > 0 but no parameters found
WARNING - training - ⚠️  Coordinate token group enabled but no coordinate parameters found
INFO - training - 🔧 _param_groups not found – running init_param_groups() now…
INFO - training - 🔧 Initializing parameter groups for differential learning rate...
INFO - training -    - Group 'vision': 385 tensors, 631.98M params
INFO - training -    - Group 'merger': 5 tensors, 36.71M params
INFO - training -    - Group 'llm': 434 tensors, 3089.59M params
INFO - training - 🚀 Creating optimizer with differential learning rates...
INFO - training -    - Group 'vision' assigned LR: 5e-07
INFO - training -    - Group 'merger' assigned LR: 5e-05
INFO - training -    - Group 'llm' assigned LR: 5e-06
INFO - training - ✅ Optimizer with differential learning rates created successfully.
WARNING - training - Learning rate groups (3) don't match parameter groups (4)
WARNING - training - Learning rate groups (3) don't match parameter groups (4)
WARNING - training - Learning rate groups (3) don't match parameter groups (4)
INFO - test_utils - ⏱️ coordinate_mode training took 7.54 seconds
INFO - test_integration - Pipeline results for coordinate_mode: {'total_time': 7.659230470657349, 'final_train_loss': 5.53671932220459, 'final_eval_loss': 6.866726875305176, 'train_dataset_size': 4, 'eval_dataset_size': 1, 'completed_steps': 1, 'config_name': 'coordinate_mode'}
INFO - test_integration - ✅ End-to-end coordinate mode test passed:
INFO - test_integration -    Training loss: 5.5367
INFO - test_integration -    Eval loss: 6.8667
INFO - test_integration -    Total time: 7.66s
INFO - test_integration - 🧪 Testing End-to-End Pipeline - Standard Mode
INFO - test_config - ✅ Created coordinate disabled config: /data3/Qwen2.5-VL-main/tests/configs/coordinate_disabled_standard.yaml
INFO - test_integration - ✅ Validated train data file: 4 samples
INFO - test_integration - ✅ Validated val data file: 1 samples
INFO - test_integration - ✅ Validated teacher data file: 3 samples
INFO - test_utils - ⏱️ standard_mode data validation took 0.00 seconds
INFO - training - 🏭 Creating trainer with new coordinator system...
INFO - training - 📄 Using BBU configuration system
INFO - training - 🤖 Loading model...
INFO - unified_loader - 🔧 UNIFIED MODEL LOADING: /data3/Qwen2.5-VL-main/model_cache/Qwen/Qwen2.5-VL-3B-Instruct
INFO - unified_loader -    Mode: TRAINING
INFO - unified_loader - 📄 Using explicit configuration system
INFO - unified_loader - 🔧 Applying comprehensive Qwen2.5-VL fixes...
INFO - patches - ✅ Official mRoPE fix applied (with batch dimension fix)
INFO - patches - ✅ Safe visual forward patch applied for generation
INFO - patches - 🔇 qwenvl Flash-Attention override skipped – using HF default
INFO - patches - ✅ All Qwen2.5-VL fixes applied successfully
INFO - patches -    - mRoPE: Uses official doubling logic + batch fix
INFO - patches -    - Visual: Safe processing for generation
INFO - patches -    - Dimension handling: Robust edge case management
INFO - patches -    - Batch handling: Fixed mrope_section duplication
INFO - unified_loader - 🎯 Detection wrapper enabled for coordinate tokens: False
INFO - unified_loader - 🎯 Coordinate tokens enabled: False
INFO - unified_loader - ⚡ Attention implementation OVERRIDE: flash_attention_2
INFO - unified_loader - 🔤 Loading tokenizer from: /data3/Qwen2.5-VL-main/model_cache/Qwen/Qwen2.5-VL-3B-Instruct
INFO - unified_loader - [PADDING_SIDE_CHECK] Tokenizer padding side after load: left
INFO - unified_loader - 📄 Loading BASE model (no detection)
INFO - unified_loader - ✅ Base model loaded successfully
INFO - unified_loader - 🎯 Adding 4 special tokens: ['<|square_start|>', '<|square_end|>', '<|line_start|>', '<|line_end|>']
INFO - unified_loader - ✅ Added 4 special tokens to tokenizer
INFO - unified_loader - 🎯 Resizing model embeddings for new tokens
INFO - unified_loader - ✅ Model embeddings resized to 151669
INFO - unified_loader - 🔍 SPECIAL TOKEN IDs:
INFO - unified_loader -    <|box_start|>: 151648
INFO - unified_loader -    <|box_end|>: 151649
INFO - unified_loader -    <|square_start|>: 151665
INFO - unified_loader -    <|square_end|>: 151666
INFO - unified_loader -    <|line_start|>: 151667
INFO - unified_loader -    <|line_end|>: 151668
INFO - unified_loader -    <|object_ref_start|>: 151646
INFO - unified_loader -    <|object_ref_end|>: 151647
INFO - unified_loader - 📊 Loading processor from: /data3/Qwen2.5-VL-main/model_cache/Qwen/Qwen2.5-VL-3B-Instruct
INFO - unified_loader - ✅ Processor loaded successfully
INFO - unified_loader - 🔧 Applying training chat template...
INFO - unified_loader - ✅ Training chat template applied
INFO - unified_loader - 🔍 Verifying Qwen2.5-VL patches...
INFO - patches - ✅ mRoPE patch verification successful
INFO - patches - ✅ Safe visual forward patch verification successful
INFO - patches - ✅ All patch verifications successful
INFO - unified_loader - ✅ UNIFIED MODEL LOADING COMPLETE
INFO - unified_loader -    Model type: Base model
INFO - unified_loader -    Tokenizer vocab size: 151669
INFO - unified_loader -    Tokenizer padding side: left
INFO - unified_loader -    Model device: cuda:0
INFO - unified_loader -    Model dtype: torch.bfloat16
INFO - unified_loader - ℹ️ Coordinate tokens disabled - using standard format
INFO - unified_loader - 📐 Adding geometry tokens (coordinate tokens disabled)
INFO - tokens - 🔧 Setting up unified token management...
INFO - tokens - 🔍 Detecting existing tokens...
INFO - tokens -    ✅ Found object_ref_start: <|object_ref_start|> -> ID 151646
INFO - tokens -    ✅ Found object_ref_end: <|object_ref_end|> -> ID 151647
INFO - tokens -    ✅ Found box_start: <|box_start|> -> ID 151648
INFO - tokens -    ✅ Found box_end: <|box_end|> -> ID 151649
INFO - tokens - ➕ Adding new geometry tokens...
INFO - tokens -    ✅ All geometry tokens already exist
INFO - tokens - ➕ Adding coordinate tokens [0, -1]...
INFO - tokens -    ✅ All coordinate tokens already exist
INFO - tokens - ✅ Token setup complete. Added 0 new tokens.
INFO - unified_loader - 📊 GEOMETRY-ONLY VOCABULARY VERIFICATION:
INFO - unified_loader -    Base size: 151665
INFO - unified_loader -    Geometry tokens: 4
INFO - unified_loader -    Expected size: 151669
INFO - unified_loader -    Actual tokenizer size: 151669
INFO - unified_loader -    Actual model size: 151669
INFO - training - 📊 Creating datasets...
INFO - training - 📄 DataProcessor using explicit configuration system
INFO - training - ✅ Chat processor initialized (JSON format only)
INFO - data - Loaded 3 teacher samples from /tmp/bbu_test_data_no543x0r/teacher.jsonl
INFO - data - ✅ TeacherPoolManager initialized:
INFO - data -    Teacher pool file: /tmp/bbu_test_data_no543x0r/teacher.jsonl
INFO - data -    Data root: /tmp/bbu_test_data_no543x0r
INFO - data -    Number of teacher images: 3
INFO - data -    Number of teacher samples: 3
INFO - data - Created teacher pool manager with 3 samples
INFO - training - ✅ Teacher pool manager initialized: /tmp/bbu_test_data_no543x0r/teacher.jsonl
INFO - training - 📊 Creating datasets...
INFO - data - Loaded 4 flat samples from /tmp/bbu_test_data_no543x0r/train.jsonl
INFO - data - Dataset mode: training
INFO - data - Teacher ratio: 0.7
INFO - data - Teacher pool size: 3
INFO - data - Dataset /tmp/bbu_test_data_no543x0r/train.jsonl: teacher ratio set to 0.7, num_teachers=1
INFO - data - Loaded 1 flat samples from /tmp/bbu_test_data_no543x0r/val.jsonl
INFO - data - Dataset mode: evaluation
INFO - data - Teacher ratio: 0.0
INFO - data - Dataset /tmp/bbu_test_data_no543x0r/val.jsonl: teacher ratio set to 0.7, num_teachers=1
INFO - data - Loaded 3 teacher samples from /tmp/bbu_test_data_no543x0r/teacher.jsonl
INFO - data - ✅ TeacherPoolManager initialized:
INFO - data -    Teacher pool file: /tmp/bbu_test_data_no543x0r/teacher.jsonl
INFO - data -    Data root: /tmp/bbu_test_data_no543x0r
INFO - data -    Number of teacher images: 3
INFO - data -    Number of teacher samples: 3
INFO - data - Created teacher pool manager with 3 samples
INFO - training - ✅ Datasets created: Train=4, Eval=1
INFO - training - 🛡️ Datasets returned directly (wrapper temporarily disabled)
INFO - training - 📦 Creating data collator...
INFO - training - 📦 Creating data collator...
INFO - training - ✅ Data collator created: standard
INFO - training - 🎯 Creating domain configs...
INFO - training - 🎯 Creating training coordinator...
INFO - training - 📊 Parameter Group Statistics:
INFO - training -    Total parameters: 824
INFO - training -    Trainable parameters: 824
INFO - training -    vision: 390/390 trainable, lr=5.00e-07
INFO - training -    llm: 434/434 trainable, lr=5.00e-06
INFO - training - ✅ Training coordinator initialized with typed configs
INFO - training -    Using domain-specific configuration classes
INFO - training - ✅ Parameter group 'vision': 390 params, lr=5.00e-07, wd=1.00e-04
INFO - training - ✅ Parameter group 'llm': 434 params, lr=5.00e-06, wd=1.00e-04
INFO - training - 🚀 Training setup completed:
INFO - training -    Parameter groups: 2
INFO - training -    Trainable parameters: 824
INFO - training -    Detection training: disabled
INFO - training - 🎯 Using new training coordinator system
INFO - training - ✅ Trainer created with coordinator system
INFO - training - 📊 Training Setup Summary:
INFO - training -    Trainable parameters: 824
INFO - training -    Enabled components: vision, merger, llm
INFO - training -    Detection training: disabled
INFO - training - 🔧 _param_groups not found – running init_param_groups() now…
INFO - training - 🔧 Initializing parameter groups for differential learning rate...
INFO - training -    - Group 'vision': 385 tensors, 631.98M params
INFO - training -    - Group 'merger': 5 tensors, 36.71M params
INFO - training -    - Group 'llm': 434 tensors, 3085.39M params
INFO - training - 🚀 Creating optimizer with differential learning rates...
INFO - training -    - Group 'vision' assigned LR: 5e-07
INFO - training -    - Group 'merger' assigned LR: 5e-05
INFO - training -    - Group 'llm' assigned LR: 5e-06
INFO - training - ✅ Optimizer with differential learning rates created successfully.
WARNING - training - Learning rate groups (3) don't match parameter groups (4)
WARNING - training - Learning rate groups (3) don't match parameter groups (4)
WARNING - training - Learning rate groups (3) don't match parameter groups (4)
INFO - test_utils - ⏱️ standard_mode training took 5.43 seconds
INFO - test_integration - Pipeline results for standard_mode: {'total_time': 5.537706136703491, 'final_train_loss': 2.0952444076538086, 'final_eval_loss': 2.344341516494751, 'train_dataset_size': 4, 'eval_dataset_size': 1, 'completed_steps': 1, 'config_name': 'standard_mode'}
INFO - test_integration - ✅ End-to-end standard mode test passed:
INFO - test_integration -    Training loss: 2.0952
INFO - test_integration -    Eval loss: 2.3443
INFO - test_integration -    Total time: 5.54s
INFO - test_integration - 🧪 Testing Error Recovery and Edge Cases
INFO - test_config - ✅ Created minimal config: /data3/Qwen2.5-VL-main/tests/configs/minimal_coord_standard.yaml
INFO - unified_loader - 🔧 UNIFIED MODEL LOADING: /data3/Qwen2.5-VL-main/model_cache/Qwen/Qwen2.5-VL-3B-Instruct
INFO - unified_loader -    Mode: TRAINING
INFO - unified_loader - 📄 Using global configuration system (fallback)
INFO - unified_loader - 🔧 Applying comprehensive Qwen2.5-VL fixes...
INFO - patches - ✅ Official mRoPE fix applied (with batch dimension fix)
INFO - patches - ✅ Safe visual forward patch applied for generation
INFO - patches - 🔇 qwenvl Flash-Attention override skipped – using HF default
INFO - patches - ✅ All Qwen2.5-VL fixes applied successfully
INFO - patches -    - mRoPE: Uses official doubling logic + batch fix
INFO - patches -    - Visual: Safe processing for generation
INFO - patches -    - Dimension handling: Robust edge case management
INFO - patches -    - Batch handling: Fixed mrope_section duplication
INFO - unified_loader - 🎯 Detection wrapper enabled for coordinate tokens: True
INFO - unified_loader - 🎯 Coordinate tokens enabled: True
INFO - unified_loader - ⚡ Attention implementation OVERRIDE: flash_attention_2
INFO - unified_loader - 🔤 Loading tokenizer from: /data3/Qwen2.5-VL-main/model_cache/Qwen/Qwen2.5-VL-3B-Instruct
INFO - unified_loader - [PADDING_SIDE_CHECK] Tokenizer padding side after load: left
INFO - unified_loader - 🎯 Loading DETECTION-ENABLED model via wrapper
INFO - unified_loader - 🔧 Coordinate tokens enabled: True
INFO - unified_loader - ✅ Coordinate token configuration created
INFO - training - 🔧 Model loaded with attention: flash_attention_2
INFO - training - 🔧 Model config attn_implementation: flash_attention_2
INFO - patches - ✅ Official mRoPE fix applied (with batch dimension fix)
INFO - patches - ✅ Safe visual forward patch applied for generation
INFO - patches - 🔇 qwenvl Flash-Attention override skipped – using HF default
INFO - patches - ✅ All Qwen2.5-VL fixes applied successfully
INFO - patches -    - mRoPE: Uses official doubling logic + batch fix
INFO - patches -    - Visual: Safe processing for generation
INFO - patches -    - Dimension handling: Robust edge case management
INFO - patches -    - Batch handling: Fixed mrope_section duplication
INFO - training - 🚀 Setting up coordinate tokens (enabled: True)
INFO - training -    🎯 Initializing coordinate tokens [151665:153713]
INFO - training -    🔓 All embeddings jointly trainable for BBU domain adaptation
INFO - training -    ✅ Created extended embeddings: 153713 tokens
INFO - training -    ✅ Initialized 2048 coordinate tokens with std=0.02
INFO - training -    🎯 Initializing coordinate projections [151665:153713]
INFO - training -    🔓 All projections jointly trainable for BBU domain adaptation
INFO - training -    ✅ Created extended LM head: 153713 tokens
INFO - training -    ✅ Initialized 2048 coordinate projections with std=0.02
INFO - tokens - 🔧 Setting up unified token management...
INFO - tokens - 🔍 Detecting existing tokens...
INFO - tokens -    ✅ Found object_ref_start: <|object_ref_start|> -> ID 151646
INFO - tokens -    ✅ Found object_ref_end: <|object_ref_end|> -> ID 151647
INFO - tokens -    ✅ Found box_start: <|box_start|> -> ID 151648
INFO - tokens -    ✅ Found box_end: <|box_end|> -> ID 151649
INFO - tokens - ➕ Adding new geometry tokens...
INFO - tokens -    ✅ Added 4 geometry tokens: ['<|line_start|>', '<|line_end|>', '<|square_start|>', '<|square_end|>']
INFO - tokens - ➕ Adding coordinate tokens [0, 2047]...
INFO - tokens -    ✅ Added coordinate token batch 1: 1000 tokens
INFO - tokens -    ✅ Added coordinate token batch 2: 1000 tokens
INFO - tokens -    ✅ Added coordinate token batch 3: 48 tokens
INFO - tokens -    ✅ Total coordinate tokens added: 2048
INFO - tokens - 🔧 Resizing model embeddings for 2052 new tokens...
INFO - tokens -    ✅ Embeddings resized: 153713 -> 153717
INFO - tokens - ✅ Token setup complete. Added 2052 new tokens.
INFO - tokens - 🔧 Setting up unified token management...
INFO - tokens - 🔍 Detecting existing tokens...
INFO - tokens -    ✅ Found object_ref_start: <|object_ref_start|> -> ID 151646
INFO - tokens -    ✅ Found object_ref_end: <|object_ref_end|> -> ID 151647
INFO - tokens -    ✅ Found box_start: <|box_start|> -> ID 151648
INFO - tokens -    ✅ Found box_end: <|box_end|> -> ID 151649
INFO - tokens - ➕ Adding new geometry tokens...
INFO - tokens -    ✅ All geometry tokens already exist
INFO - tokens - ➕ Adding coordinate tokens [0, 2047]...
INFO - tokens -    ✅ All coordinate tokens already exist
INFO - tokens - ✅ Token setup complete. Added 0 new tokens.
INFO - training - 🚀 Coordinate token setup complete. Extended vocab: 153713
INFO - training - 🔧 Model on device: cuda:0 (embeddings handled by base model)
INFO - training - 📄 No coordinate extensions found - using standard model
INFO - unified_loader - 🔧 Validating coordinate token vocabulary consistency
INFO - unified_loader - 📊 Model vocab size: 153717
INFO - unified_loader - 📊 Tokenizer vocab size: 153717
INFO - unified_loader - 📊 Extended vocab size: 153713
INFO - unified_loader - ✅ Model has coordinate token extensions - ensuring consistency
INFO - unified_loader - ✅ Set detection_enabled=True for coordinate token model
INFO - unified_loader - ✅ Detection-enabled model loaded successfully
INFO - unified_loader - 🔍 SPECIAL TOKEN IDs:
INFO - unified_loader -    <|box_start|>: 151648
INFO - unified_loader -    <|box_end|>: 151649
INFO - unified_loader -    <|square_start|>: 151667
INFO - unified_loader -    <|square_end|>: 151668
INFO - unified_loader -    <|line_start|>: 151665
INFO - unified_loader -    <|line_end|>: 151666
INFO - unified_loader -    <|object_ref_start|>: 151646
INFO - unified_loader -    <|object_ref_end|>: 151647
INFO - unified_loader - 📊 Loading processor from: /data3/Qwen2.5-VL-main/model_cache/Qwen/Qwen2.5-VL-3B-Instruct
INFO - unified_loader - ✅ Processor loaded successfully
INFO - unified_loader - 🔧 Applying training chat template...
INFO - unified_loader - ✅ Training chat template applied
INFO - unified_loader - 🔍 Verifying Qwen2.5-VL patches...
INFO - patches - ✅ mRoPE patch verification successful
INFO - patches - ✅ Safe visual forward patch verification successful
INFO - patches - ✅ All patch verifications successful
INFO - unified_loader - ✅ UNIFIED MODEL LOADING COMPLETE
INFO - unified_loader -    Model type: Detection-enabled
INFO - unified_loader -    Tokenizer vocab size: 153717
INFO - unified_loader -    Tokenizer padding side: left
INFO - unified_loader -    Model device: cuda:0
INFO - unified_loader -    Model dtype: torch.bfloat16
INFO - unified_loader - 🎯 Initializing Token Managers for vocabulary extension...
INFO - unified_loader - 🔢 Adding 2048 coordinate tokens to vocabulary
INFO - unified_loader - 📐 Adding 4 geometry tokens to vocabulary
INFO - unified_loader - 📊 Vocabulary extension: 151665 + 2052 = 153717
INFO - tokens - 🔧 Setting up unified token management...
INFO - tokens - 🔍 Detecting existing tokens...
INFO - tokens -    ✅ Found object_ref_start: <|object_ref_start|> -> ID 151646
INFO - tokens -    ✅ Found object_ref_end: <|object_ref_end|> -> ID 151647
INFO - tokens -    ✅ Found box_start: <|box_start|> -> ID 151648
INFO - tokens -    ✅ Found box_end: <|box_end|> -> ID 151649
INFO - tokens - ➕ Adding new geometry tokens...
INFO - tokens -    ✅ All geometry tokens already exist
INFO - tokens - ➕ Adding coordinate tokens [0, 2047]...
INFO - tokens -    ✅ All coordinate tokens already exist
INFO - tokens - ✅ Token setup complete. Added 0 new tokens.
INFO - unified_loader - 📊 FINAL VOCABULARY VERIFICATION:
INFO - unified_loader -    Expected size: 153717
INFO - unified_loader -    Tokenizer size: 153717
INFO - unified_loader -    Model embedding size: 153717
INFO - unified_loader - ✅ Final tokenizer size verified: 153717
INFO - unified_loader - ✅ Model-tokenizer size consistency verified: 153717
INFO - unified_loader - ✅ Simple Token Manager initialized successfully!
INFO - training - 📄 DataProcessor using explicit configuration system
INFO - training - 🎯 Updating coordinate token ranges in chat processor...
INFO - chat - 🎯 Initializing coordinate manager with current tokenizer...
INFO - tokens - 🎯 Found coordinate tokens: range [151669, 153717)
INFO - chat - ✅ Coordinate manager initialized successfully
INFO - chat -    max_coord_value: 2048
INFO - chat -    Language: chinese
INFO - chat -    Output format: Coordinate tokens + JSON fallback
INFO - training - ✅ Chat processor initialized with coordinate tokens (geometry + object_ref wrapping)
INFO - data - Loaded 3 teacher samples from /tmp/bbu_test_data_no543x0r/teacher.jsonl
INFO - data - ✅ TeacherPoolManager initialized:
INFO - data -    Teacher pool file: /tmp/bbu_test_data_no543x0r/teacher.jsonl
INFO - data -    Data root: /tmp/bbu_test_data_no543x0r
INFO - data -    Number of teacher images: 3
INFO - data -    Number of teacher samples: 3
INFO - data - Created teacher pool manager with 3 samples
INFO - training - ✅ Teacher pool manager initialized: /tmp/bbu_test_data_no543x0r/teacher.jsonl
INFO - training - 📊 Creating datasets...
INFO - data - Loaded 4 flat samples from /tmp/bbu_test_data_no543x0r/train.jsonl
INFO - data - Dataset mode: training
INFO - data - Teacher ratio: 0.7
INFO - data - Teacher pool size: 3
INFO - data - Dataset /tmp/bbu_test_data_no543x0r/train.jsonl: teacher ratio set to 0.7, num_teachers=1
INFO - data - Loaded 1 flat samples from /tmp/bbu_test_data_no543x0r/val.jsonl
INFO - data - Dataset mode: evaluation
INFO - data - Teacher ratio: 0.0
INFO - data - Dataset /tmp/bbu_test_data_no543x0r/val.jsonl: teacher ratio set to 0.7, num_teachers=1
INFO - data - Loaded 3 teacher samples from /tmp/bbu_test_data_no543x0r/teacher.jsonl
INFO - data - ✅ TeacherPoolManager initialized:
INFO - data -    Teacher pool file: /tmp/bbu_test_data_no543x0r/teacher.jsonl
INFO - data -    Data root: /tmp/bbu_test_data_no543x0r
INFO - data -    Number of teacher images: 3
INFO - data -    Number of teacher samples: 3
INFO - data - Created teacher pool manager with 3 samples
INFO - training - ✅ Datasets created: Train=4, Eval=1
INFO - training - 🛡️ Datasets returned directly (wrapper temporarily disabled)
INFO - training - 📦 Creating data collator...
INFO - training - ✅ Data collator created: standard
INFO - test_integration - Memory used for large batch: 1672.3 MB
INFO - test_integration - ✅ Error recovery and edge cases test passed
INFO - test_integration - 🧪 Testing Multi-Geometry Support
INFO - test_config - ✅ Created coordinate enabled config: /data3/Qwen2.5-VL-main/tests/configs/coordinate_enabled_standard.yaml
INFO - unified_loader - 🔧 UNIFIED MODEL LOADING: /data3/Qwen2.5-VL-main/model_cache/Qwen/Qwen2.5-VL-3B-Instruct
INFO - unified_loader -    Mode: TRAINING
INFO - unified_loader - 📄 Using global configuration system (fallback)
INFO - unified_loader - 🔧 Applying comprehensive Qwen2.5-VL fixes...
INFO - patches - ✅ Official mRoPE fix applied (with batch dimension fix)
INFO - patches - ✅ Safe visual forward patch applied for generation
INFO - patches - 🔇 qwenvl Flash-Attention override skipped – using HF default
INFO - patches - ✅ All Qwen2.5-VL fixes applied successfully
INFO - patches -    - mRoPE: Uses official doubling logic + batch fix
INFO - patches -    - Visual: Safe processing for generation
INFO - patches -    - Dimension handling: Robust edge case management
INFO - patches -    - Batch handling: Fixed mrope_section duplication
INFO - unified_loader - 🎯 Detection wrapper enabled for coordinate tokens: True
INFO - unified_loader - 🎯 Coordinate tokens enabled: True
INFO - unified_loader - ⚡ Attention implementation OVERRIDE: flash_attention_2
INFO - unified_loader - 🔤 Loading tokenizer from: /data3/Qwen2.5-VL-main/model_cache/Qwen/Qwen2.5-VL-3B-Instruct
INFO - unified_loader - [PADDING_SIDE_CHECK] Tokenizer padding side after load: left
INFO - unified_loader - 🎯 Loading DETECTION-ENABLED model via wrapper
INFO - unified_loader - 🔧 Coordinate tokens enabled: True
INFO - unified_loader - ✅ Coordinate token configuration created
INFO - training - 🔧 Model loaded with attention: flash_attention_2
INFO - training - 🔧 Model config attn_implementation: flash_attention_2
INFO - patches - ✅ Official mRoPE fix applied (with batch dimension fix)
INFO - patches - ✅ Safe visual forward patch applied for generation
INFO - patches - 🔇 qwenvl Flash-Attention override skipped – using HF default
INFO - patches - ✅ All Qwen2.5-VL fixes applied successfully
INFO - patches -    - mRoPE: Uses official doubling logic + batch fix
INFO - patches -    - Visual: Safe processing for generation
INFO - patches -    - Dimension handling: Robust edge case management
INFO - patches -    - Batch handling: Fixed mrope_section duplication
INFO - training - 🚀 Setting up coordinate tokens (enabled: True)
INFO - training -    🎯 Initializing coordinate tokens [151665:153713]
INFO - training -    🔓 All embeddings jointly trainable for BBU domain adaptation
INFO - training -    ✅ Created extended embeddings: 153713 tokens
INFO - training -    ✅ Initialized 2048 coordinate tokens with std=0.02
INFO - training -    🎯 Initializing coordinate projections [151665:153713]
INFO - training -    🔓 All projections jointly trainable for BBU domain adaptation
INFO - training -    ✅ Created extended LM head: 153713 tokens
INFO - training -    ✅ Initialized 2048 coordinate projections with std=0.02
INFO - tokens - 🔧 Setting up unified token management...
INFO - tokens - 🔍 Detecting existing tokens...
INFO - tokens -    ✅ Found object_ref_start: <|object_ref_start|> -> ID 151646
INFO - tokens -    ✅ Found object_ref_end: <|object_ref_end|> -> ID 151647
INFO - tokens -    ✅ Found box_start: <|box_start|> -> ID 151648
INFO - tokens -    ✅ Found box_end: <|box_end|> -> ID 151649
INFO - tokens - ➕ Adding new geometry tokens...
INFO - tokens -    ✅ Added 4 geometry tokens: ['<|line_start|>', '<|line_end|>', '<|square_start|>', '<|square_end|>']
INFO - tokens - ➕ Adding coordinate tokens [0, 2047]...
INFO - tokens -    ✅ Added coordinate token batch 1: 1000 tokens
INFO - tokens -    ✅ Added coordinate token batch 2: 1000 tokens
INFO - tokens -    ✅ Added coordinate token batch 3: 48 tokens
INFO - tokens -    ✅ Total coordinate tokens added: 2048
INFO - tokens - 🔧 Resizing model embeddings for 2052 new tokens...
INFO - tokens -    ✅ Embeddings resized: 153713 -> 153717
INFO - tokens - ✅ Token setup complete. Added 2052 new tokens.
INFO - tokens - 🔧 Setting up unified token management...
INFO - tokens - 🔍 Detecting existing tokens...
INFO - tokens -    ✅ Found object_ref_start: <|object_ref_start|> -> ID 151646
INFO - tokens -    ✅ Found object_ref_end: <|object_ref_end|> -> ID 151647
INFO - tokens -    ✅ Found box_start: <|box_start|> -> ID 151648
INFO - tokens -    ✅ Found box_end: <|box_end|> -> ID 151649
INFO - tokens - ➕ Adding new geometry tokens...
INFO - tokens -    ✅ All geometry tokens already exist
INFO - tokens - ➕ Adding coordinate tokens [0, 2047]...
INFO - tokens -    ✅ All coordinate tokens already exist
INFO - tokens - ✅ Token setup complete. Added 0 new tokens.
INFO - training - 🚀 Coordinate token setup complete. Extended vocab: 153713
INFO - training - 🔧 Model on device: cuda:0 (embeddings handled by base model)
INFO - training - 📄 No coordinate extensions found - using standard model
INFO - unified_loader - 🔧 Validating coordinate token vocabulary consistency
INFO - unified_loader - 📊 Model vocab size: 153717
INFO - unified_loader - 📊 Tokenizer vocab size: 153717
INFO - unified_loader - 📊 Extended vocab size: 153713
INFO - unified_loader - ✅ Model has coordinate token extensions - ensuring consistency
INFO - unified_loader - ✅ Set detection_enabled=True for coordinate token model
INFO - unified_loader - ✅ Detection-enabled model loaded successfully
INFO - unified_loader - 🔍 SPECIAL TOKEN IDs:
INFO - unified_loader -    <|box_start|>: 151648
INFO - unified_loader -    <|box_end|>: 151649
INFO - unified_loader -    <|square_start|>: 151667
INFO - unified_loader -    <|square_end|>: 151668
INFO - unified_loader -    <|line_start|>: 151665
INFO - unified_loader -    <|line_end|>: 151666
INFO - unified_loader -    <|object_ref_start|>: 151646
INFO - unified_loader -    <|object_ref_end|>: 151647
INFO - unified_loader - 📊 Loading processor from: /data3/Qwen2.5-VL-main/model_cache/Qwen/Qwen2.5-VL-3B-Instruct
INFO - unified_loader - ✅ Processor loaded successfully
INFO - unified_loader - 🔧 Applying training chat template...
INFO - unified_loader - ✅ Training chat template applied
INFO - unified_loader - 🔍 Verifying Qwen2.5-VL patches...
INFO - patches - ✅ mRoPE patch verification successful
INFO - patches - ✅ Safe visual forward patch verification successful
INFO - patches - ✅ All patch verifications successful
INFO - unified_loader - ✅ UNIFIED MODEL LOADING COMPLETE
INFO - unified_loader -    Model type: Detection-enabled
INFO - unified_loader -    Tokenizer vocab size: 153717
INFO - unified_loader -    Tokenizer padding side: left
INFO - unified_loader -    Model device: cuda:0
INFO - unified_loader -    Model dtype: torch.bfloat16
INFO - unified_loader - 🎯 Initializing Token Managers for vocabulary extension...
INFO - unified_loader - 🔢 Adding 2048 coordinate tokens to vocabulary
INFO - unified_loader - 📐 Adding 4 geometry tokens to vocabulary
INFO - unified_loader - 📊 Vocabulary extension: 151665 + 2052 = 153717
INFO - tokens - 🔧 Setting up unified token management...
INFO - tokens - 🔍 Detecting existing tokens...
INFO - tokens -    ✅ Found object_ref_start: <|object_ref_start|> -> ID 151646
INFO - tokens -    ✅ Found object_ref_end: <|object_ref_end|> -> ID 151647
INFO - tokens -    ✅ Found box_start: <|box_start|> -> ID 151648
INFO - tokens -    ✅ Found box_end: <|box_end|> -> ID 151649
INFO - tokens - ➕ Adding new geometry tokens...
INFO - tokens -    ✅ All geometry tokens already exist
INFO - tokens - ➕ Adding coordinate tokens [0, 2047]...
INFO - tokens -    ✅ All coordinate tokens already exist
INFO - tokens - ✅ Token setup complete. Added 0 new tokens.
INFO - unified_loader - 📊 FINAL VOCABULARY VERIFICATION:
INFO - unified_loader -    Expected size: 153717
INFO - unified_loader -    Tokenizer size: 153717
INFO - unified_loader -    Model embedding size: 153717
INFO - unified_loader - ✅ Final tokenizer size verified: 153717
INFO - unified_loader - ✅ Model-tokenizer size consistency verified: 153717
INFO - unified_loader - ✅ Simple Token Manager initialized successfully!
INFO - training - 📄 DataProcessor using explicit configuration system
INFO - training - 🎯 Updating coordinate token ranges in chat processor...
INFO - chat - 🎯 Initializing coordinate manager with current tokenizer...
INFO - tokens - 🎯 Found coordinate tokens: range [151669, 153717)
INFO - chat - ✅ Coordinate manager initialized successfully
INFO - chat -    max_coord_value: 2048
INFO - chat -    Language: chinese
INFO - chat -    Output format: Coordinate tokens + JSON fallback
INFO - training - ✅ Chat processor initialized with coordinate tokens (geometry + object_ref wrapping)
INFO - data - Loaded 3 teacher samples from /tmp/bbu_test_data_no543x0r/teacher.jsonl
INFO - data - ✅ TeacherPoolManager initialized:
INFO - data -    Teacher pool file: /tmp/bbu_test_data_no543x0r/teacher.jsonl
INFO - data -    Data root: /tmp/bbu_test_data_no543x0r
INFO - data -    Number of teacher images: 3
INFO - data -    Number of teacher samples: 3
INFO - data - Created teacher pool manager with 3 samples
INFO - training - ✅ Teacher pool manager initialized: /tmp/bbu_test_data_no543x0r/teacher.jsonl
INFO - training - 📊 Creating datasets...
INFO - data - Loaded 4 flat samples from /tmp/bbu_test_data_no543x0r/train.jsonl
INFO - data - Dataset mode: training
INFO - data - Teacher ratio: 0.7
INFO - data - Teacher pool size: 3
INFO - data - Dataset /tmp/bbu_test_data_no543x0r/train.jsonl: teacher ratio set to 0.7, num_teachers=1
INFO - data - Loaded 1 flat samples from /tmp/bbu_test_data_no543x0r/val.jsonl
INFO - data - Dataset mode: evaluation
INFO - data - Teacher ratio: 0.0
INFO - data - Dataset /tmp/bbu_test_data_no543x0r/val.jsonl: teacher ratio set to 0.7, num_teachers=1
INFO - data - Loaded 3 teacher samples from /tmp/bbu_test_data_no543x0r/teacher.jsonl
INFO - data - ✅ TeacherPoolManager initialized:
INFO - data -    Teacher pool file: /tmp/bbu_test_data_no543x0r/teacher.jsonl
INFO - data -    Data root: /tmp/bbu_test_data_no543x0r
INFO - data -    Number of teacher images: 3
INFO - data -    Number of teacher samples: 3
INFO - data - Created teacher pool manager with 3 samples
INFO - training - ✅ Datasets created: Train=4, Eval=1
INFO - training - 🛡️ Datasets returned directly (wrapper temporarily disabled)
INFO - test_integration - ✅ Multi-geometry support test passed:
INFO - test_integration -    Input geometry types found: {'bbox_2d': 3, 'square': 1, 'line': 1}
INFO - test_integration -    Processed objects (normalized to bbox_2d): 5
INFO - test_integration - 🧪 Testing Teacher-Student Integration
INFO - test_config - ✅ Created coordinate enabled config: /data3/Qwen2.5-VL-main/tests/configs/coordinate_enabled_standard.yaml
INFO - unified_loader - 🔧 UNIFIED MODEL LOADING: /data3/Qwen2.5-VL-main/model_cache/Qwen/Qwen2.5-VL-3B-Instruct
INFO - unified_loader -    Mode: TRAINING
INFO - unified_loader - 📄 Using global configuration system (fallback)
INFO - unified_loader - 🔧 Applying comprehensive Qwen2.5-VL fixes...
INFO - patches - ✅ Official mRoPE fix applied (with batch dimension fix)
INFO - patches - ✅ Safe visual forward patch applied for generation
INFO - patches - 🔇 qwenvl Flash-Attention override skipped – using HF default
INFO - patches - ✅ All Qwen2.5-VL fixes applied successfully
INFO - patches -    - mRoPE: Uses official doubling logic + batch fix
INFO - patches -    - Visual: Safe processing for generation
INFO - patches -    - Dimension handling: Robust edge case management
INFO - patches -    - Batch handling: Fixed mrope_section duplication
INFO - unified_loader - 🎯 Detection wrapper enabled for coordinate tokens: True
INFO - unified_loader - 🎯 Coordinate tokens enabled: True
INFO - unified_loader - ⚡ Attention implementation OVERRIDE: flash_attention_2
INFO - unified_loader - 🔤 Loading tokenizer from: /data3/Qwen2.5-VL-main/model_cache/Qwen/Qwen2.5-VL-3B-Instruct
INFO - unified_loader - [PADDING_SIDE_CHECK] Tokenizer padding side after load: left
INFO - unified_loader - 🎯 Loading DETECTION-ENABLED model via wrapper
INFO - unified_loader - 🔧 Coordinate tokens enabled: True
INFO - unified_loader - ✅ Coordinate token configuration created
INFO - training - 🔧 Model loaded with attention: flash_attention_2
INFO - training - 🔧 Model config attn_implementation: flash_attention_2
INFO - patches - ✅ Official mRoPE fix applied (with batch dimension fix)
INFO - patches - ✅ Safe visual forward patch applied for generation
INFO - patches - 🔇 qwenvl Flash-Attention override skipped – using HF default
INFO - patches - ✅ All Qwen2.5-VL fixes applied successfully
INFO - patches -    - mRoPE: Uses official doubling logic + batch fix
INFO - patches -    - Visual: Safe processing for generation
INFO - patches -    - Dimension handling: Robust edge case management
INFO - patches -    - Batch handling: Fixed mrope_section duplication
INFO - training - 🚀 Setting up coordinate tokens (enabled: True)
INFO - training -    🎯 Initializing coordinate tokens [151665:153713]
INFO - training -    🔓 All embeddings jointly trainable for BBU domain adaptation
INFO - training -    ✅ Created extended embeddings: 153713 tokens
INFO - training -    ✅ Initialized 2048 coordinate tokens with std=0.02
INFO - training -    🎯 Initializing coordinate projections [151665:153713]
INFO - training -    🔓 All projections jointly trainable for BBU domain adaptation
INFO - training -    ✅ Created extended LM head: 153713 tokens
INFO - training -    ✅ Initialized 2048 coordinate projections with std=0.02
INFO - tokens - 🔧 Setting up unified token management...
INFO - tokens - 🔍 Detecting existing tokens...
INFO - tokens -    ✅ Found object_ref_start: <|object_ref_start|> -> ID 151646
INFO - tokens -    ✅ Found object_ref_end: <|object_ref_end|> -> ID 151647
INFO - tokens -    ✅ Found box_start: <|box_start|> -> ID 151648
INFO - tokens -    ✅ Found box_end: <|box_end|> -> ID 151649
INFO - tokens - ➕ Adding new geometry tokens...
INFO - tokens -    ✅ Added 4 geometry tokens: ['<|line_start|>', '<|line_end|>', '<|square_start|>', '<|square_end|>']
INFO - tokens - ➕ Adding coordinate tokens [0, 2047]...
INFO - tokens -    ✅ Added coordinate token batch 1: 1000 tokens
INFO - tokens -    ✅ Added coordinate token batch 2: 1000 tokens
INFO - tokens -    ✅ Added coordinate token batch 3: 48 tokens
INFO - tokens -    ✅ Total coordinate tokens added: 2048
INFO - tokens - 🔧 Resizing model embeddings for 2052 new tokens...
INFO - tokens -    ✅ Embeddings resized: 153713 -> 153717
INFO - tokens - ✅ Token setup complete. Added 2052 new tokens.
INFO - tokens - 🔧 Setting up unified token management...
INFO - tokens - 🔍 Detecting existing tokens...
INFO - tokens -    ✅ Found object_ref_start: <|object_ref_start|> -> ID 151646
INFO - tokens -    ✅ Found object_ref_end: <|object_ref_end|> -> ID 151647
INFO - tokens -    ✅ Found box_start: <|box_start|> -> ID 151648
INFO - tokens -    ✅ Found box_end: <|box_end|> -> ID 151649
INFO - tokens - ➕ Adding new geometry tokens...
INFO - tokens -    ✅ All geometry tokens already exist
INFO - tokens - ➕ Adding coordinate tokens [0, 2047]...
INFO - tokens -    ✅ All coordinate tokens already exist
INFO - tokens - ✅ Token setup complete. Added 0 new tokens.
INFO - training - 🚀 Coordinate token setup complete. Extended vocab: 153713
INFO - training - 🔧 Model on device: cuda:0 (embeddings handled by base model)
INFO - training - 📄 No coordinate extensions found - using standard model
INFO - unified_loader - 🔧 Validating coordinate token vocabulary consistency
INFO - unified_loader - 📊 Model vocab size: 153717
INFO - unified_loader - 📊 Tokenizer vocab size: 153717
INFO - unified_loader - 📊 Extended vocab size: 153713
INFO - unified_loader - ✅ Model has coordinate token extensions - ensuring consistency
INFO - unified_loader - ✅ Set detection_enabled=True for coordinate token model
INFO - unified_loader - ✅ Detection-enabled model loaded successfully
INFO - unified_loader - 🔍 SPECIAL TOKEN IDs:
INFO - unified_loader -    <|box_start|>: 151648
INFO - unified_loader -    <|box_end|>: 151649
INFO - unified_loader -    <|square_start|>: 151667
INFO - unified_loader -    <|square_end|>: 151668
INFO - unified_loader -    <|line_start|>: 151665
INFO - unified_loader -    <|line_end|>: 151666
INFO - unified_loader -    <|object_ref_start|>: 151646
INFO - unified_loader -    <|object_ref_end|>: 151647
INFO - unified_loader - 📊 Loading processor from: /data3/Qwen2.5-VL-main/model_cache/Qwen/Qwen2.5-VL-3B-Instruct
INFO - unified_loader - ✅ Processor loaded successfully
INFO - unified_loader - 🔧 Applying training chat template...
INFO - unified_loader - ✅ Training chat template applied
INFO - unified_loader - 🔍 Verifying Qwen2.5-VL patches...
INFO - patches - ✅ mRoPE patch verification successful
INFO - patches - ✅ Safe visual forward patch verification successful
INFO - patches - ✅ All patch verifications successful
INFO - unified_loader - ✅ UNIFIED MODEL LOADING COMPLETE
INFO - unified_loader -    Model type: Detection-enabled
INFO - unified_loader -    Tokenizer vocab size: 153717
INFO - unified_loader -    Tokenizer padding side: left
INFO - unified_loader -    Model device: cuda:0
INFO - unified_loader -    Model dtype: torch.bfloat16
INFO - unified_loader - 🎯 Initializing Token Managers for vocabulary extension...
INFO - unified_loader - 🔢 Adding 2048 coordinate tokens to vocabulary
INFO - unified_loader - 📐 Adding 4 geometry tokens to vocabulary
INFO - unified_loader - 📊 Vocabulary extension: 151665 + 2052 = 153717
INFO - tokens - 🔧 Setting up unified token management...
INFO - tokens - 🔍 Detecting existing tokens...
INFO - tokens -    ✅ Found object_ref_start: <|object_ref_start|> -> ID 151646
INFO - tokens -    ✅ Found object_ref_end: <|object_ref_end|> -> ID 151647
INFO - tokens -    ✅ Found box_start: <|box_start|> -> ID 151648
INFO - tokens -    ✅ Found box_end: <|box_end|> -> ID 151649
INFO - tokens - ➕ Adding new geometry tokens...
INFO - tokens -    ✅ All geometry tokens already exist
INFO - tokens - ➕ Adding coordinate tokens [0, 2047]...
INFO - tokens -    ✅ All coordinate tokens already exist
INFO - tokens - ✅ Token setup complete. Added 0 new tokens.
INFO - unified_loader - 📊 FINAL VOCABULARY VERIFICATION:
INFO - unified_loader -    Expected size: 153717
INFO - unified_loader -    Tokenizer size: 153717
INFO - unified_loader -    Model embedding size: 153717
INFO - unified_loader - ✅ Final tokenizer size verified: 153717
INFO - unified_loader - ✅ Model-tokenizer size consistency verified: 153717
INFO - unified_loader - ✅ Simple Token Manager initialized successfully!
INFO - training - 📄 DataProcessor using explicit configuration system
INFO - training - 🎯 Updating coordinate token ranges in chat processor...
INFO - chat - 🎯 Initializing coordinate manager with current tokenizer...
INFO - tokens - 🎯 Found coordinate tokens: range [151669, 153717)
INFO - chat - ✅ Coordinate manager initialized successfully
INFO - chat -    max_coord_value: 2048
INFO - chat -    Language: chinese
INFO - chat -    Output format: Coordinate tokens + JSON fallback
INFO - training - ✅ Chat processor initialized with coordinate tokens (geometry + object_ref wrapping)
INFO - data - Loaded 3 teacher samples from /tmp/bbu_test_data_no543x0r/teacher.jsonl
INFO - data - ✅ TeacherPoolManager initialized:
INFO - data -    Teacher pool file: /tmp/bbu_test_data_no543x0r/teacher.jsonl
INFO - data -    Data root: /tmp/bbu_test_data_no543x0r
INFO - data -    Number of teacher images: 3
INFO - data -    Number of teacher samples: 3
INFO - data - Created teacher pool manager with 3 samples
INFO - training - ✅ Teacher pool manager initialized: /tmp/bbu_test_data_no543x0r/teacher.jsonl
INFO - training - 📊 Creating datasets...
INFO - data - Loaded 4 flat samples from /tmp/bbu_test_data_no543x0r/train.jsonl
INFO - data - Dataset mode: training
INFO - data - Teacher ratio: 0.75
INFO - data - Teacher pool size: 3
INFO - data - Dataset /tmp/bbu_test_data_no543x0r/train.jsonl: teacher ratio set to 0.75, num_teachers=1
INFO - data - Loaded 1 flat samples from /tmp/bbu_test_data_no543x0r/val.jsonl
INFO - data - Dataset mode: evaluation
INFO - data - Teacher ratio: 0.0
INFO - data - Dataset /tmp/bbu_test_data_no543x0r/val.jsonl: teacher ratio set to 0.75, num_teachers=1
INFO - data - Loaded 3 teacher samples from /tmp/bbu_test_data_no543x0r/teacher.jsonl
INFO - data - ✅ TeacherPoolManager initialized:
INFO - data -    Teacher pool file: /tmp/bbu_test_data_no543x0r/teacher.jsonl
INFO - data -    Data root: /tmp/bbu_test_data_no543x0r
INFO - data -    Number of teacher images: 3
INFO - data -    Number of teacher samples: 3
INFO - data - Created teacher pool manager with 3 samples
INFO - training - ✅ Datasets created: Train=4, Eval=1
INFO - training - 🛡️ Datasets returned directly (wrapper temporarily disabled)
INFO - training - 📦 Creating data collator...
INFO - training - ✅ Data collator created: standard
INFO - test_integration - Dataset composition: 3 with teachers, 1 without teachers
INFO - test_integration - Total dataset size: 4, Teacher ratio: 0.75
INFO - test_integration - ✅ Teacher-student integration test passed:
INFO - test_integration -    Samples with teachers: 3
INFO - test_integration -    Samples without teachers: 1
INFO - test_integration -    Mixed batch size: 3
INFO - test_integration -    Teacher ratio used: 0.75
INFO - synthetic_data - 🧹 Cleaned up test data: /tmp/bbu_test_data_no543x0r
INFO - test_config - 🧹 Cleaned up test configs: /data3/Qwen2.5-VL-main/tests/configs
INFO - test_integration - 🧹 Integration test teardown complete
INFO - gpu_test_base - 🎮 GPU Available: NVIDIA A100 80GB PCIe (79.1 GB)
INFO - test_utils - 🧹 GPU Memory Cleanup Complete:
INFO - test_utils -    Allocated: 14504.7 MB → 14504.7 MB (-0.0 MB)
INFO - test_utils -    Reserved: 22664.0 MB → 17732.0 MB (-4932.0 MB)
INFO - test_model_loading - 🧪 Starting Model Loading Tests
INFO - synthetic_data - 🎨 Initialized SyntheticDataGenerator: 4 samples, (168, 168) images
INFO - synthetic_data - 📁 Data directory: /tmp/bbu_test_data_5ddfx7s6
INFO - synthetic_data - 🎨 Generating complete dataset: 4 samples
INFO - synthetic_data - ✅ Generated train.jsonl: 2 samples
INFO - synthetic_data - ✅ Generated val.jsonl: 1 samples
INFO - synthetic_data - ✅ Generated teacher.jsonl: 1 samples
INFO - synthetic_data - 🎯 Dataset generation complete!
INFO - synthetic_data -    📁 Data root: /tmp/bbu_test_data_5ddfx7s6
INFO - synthetic_data -    🖼️ Images: 4 synthetic images
INFO - synthetic_data -    📊 Split: 2 train, 1 val, 1 teacher
INFO - test_config - 📄 TestConfigFactory initialized: /data3/Qwen2.5-VL-main/tests/configs
INFO - test_model_loading - ✅ Model loading test setup complete
INFO - gpu_test_base - 🧪 Test test_coordinate_model_loading - Initial GPU memory: 14504.7 MB
INFO - test_model_loading - 🧪 Testing Coordinate Model Loading (With Coordinate Tokens)
INFO - test_config - ✅ Created coordinate enabled config: /data3/Qwen2.5-VL-main/tests/configs/coordinate_enabled_standard.yaml
INFO - test_utils - 🧹 Cleaned up: model, tokenizer, processor
INFO - gpu_test_base - 🗑️ Removed cached model: standard_collator_model (cache full)
INFO - test_utils - 💾 GPU Memory Check: 73743.4 MB available, 2000.0 MB required
INFO - test_utils - 🚀 Model loading (/data3/Qwen2.5-VL-main/model_cache/Qwen/Qwen2.5-VL-3B-Instruct) - Initial GPU memory: 7294.4 MB
INFO - unified_loader - 🔧 UNIFIED MODEL LOADING: /data3/Qwen2.5-VL-main/model_cache/Qwen/Qwen2.5-VL-3B-Instruct
INFO - unified_loader -    Mode: TRAINING
INFO - unified_loader - 📄 Using global configuration system (fallback)
INFO - unified_loader - 🔧 Applying comprehensive Qwen2.5-VL fixes...
INFO - patches - ✅ Official mRoPE fix applied (with batch dimension fix)
INFO - patches - ✅ Safe visual forward patch applied for generation
INFO - patches - 🔇 qwenvl Flash-Attention override skipped – using HF default
INFO - patches - ✅ All Qwen2.5-VL fixes applied successfully
INFO - patches -    - mRoPE: Uses official doubling logic + batch fix
INFO - patches -    - Visual: Safe processing for generation
INFO - patches -    - Dimension handling: Robust edge case management
INFO - patches -    - Batch handling: Fixed mrope_section duplication
INFO - unified_loader - 🎯 Detection wrapper enabled for coordinate tokens: True
INFO - unified_loader - 🎯 Coordinate tokens enabled: True
INFO - unified_loader - ⚡ Attention implementation OVERRIDE: flash_attention_2
INFO - unified_loader - 🔤 Loading tokenizer from: /data3/Qwen2.5-VL-main/model_cache/Qwen/Qwen2.5-VL-3B-Instruct
INFO - unified_loader - [PADDING_SIDE_CHECK] Tokenizer padding side after load: left
INFO - unified_loader - 🎯 Loading DETECTION-ENABLED model via wrapper
INFO - unified_loader - 🔧 Coordinate tokens enabled: True
INFO - unified_loader - ✅ Coordinate token configuration created
INFO - training - 🔧 Model loaded with attention: flash_attention_2
INFO - training - 🔧 Model config attn_implementation: flash_attention_2
INFO - patches - ✅ Official mRoPE fix applied (with batch dimension fix)
INFO - patches - ✅ Safe visual forward patch applied for generation
INFO - patches - 🔇 qwenvl Flash-Attention override skipped – using HF default
INFO - patches - ✅ All Qwen2.5-VL fixes applied successfully
INFO - patches -    - mRoPE: Uses official doubling logic + batch fix
INFO - patches -    - Visual: Safe processing for generation
INFO - patches -    - Dimension handling: Robust edge case management
INFO - patches -    - Batch handling: Fixed mrope_section duplication
INFO - training - 🚀 Setting up coordinate tokens (enabled: True)
INFO - training -    🎯 Initializing coordinate tokens [151665:153713]
INFO - training -    🔓 All embeddings jointly trainable for BBU domain adaptation
INFO - training -    ✅ Created extended embeddings: 153713 tokens
INFO - training -    ✅ Initialized 2048 coordinate tokens with std=0.02
INFO - training -    🎯 Initializing coordinate projections [151665:153713]
INFO - training -    🔓 All projections jointly trainable for BBU domain adaptation
INFO - training -    ✅ Created extended LM head: 153713 tokens
INFO - training -    ✅ Initialized 2048 coordinate projections with std=0.02
INFO - tokens - 🔧 Setting up unified token management...
INFO - tokens - 🔍 Detecting existing tokens...
INFO - tokens -    ✅ Found object_ref_start: <|object_ref_start|> -> ID 151646
INFO - tokens -    ✅ Found object_ref_end: <|object_ref_end|> -> ID 151647
INFO - tokens -    ✅ Found box_start: <|box_start|> -> ID 151648
INFO - tokens -    ✅ Found box_end: <|box_end|> -> ID 151649
INFO - tokens - ➕ Adding new geometry tokens...
INFO - tokens -    ✅ Added 4 geometry tokens: ['<|line_start|>', '<|line_end|>', '<|square_start|>', '<|square_end|>']
INFO - tokens - ➕ Adding coordinate tokens [0, 2047]...
INFO - tokens -    ✅ Added coordinate token batch 1: 1000 tokens
INFO - tokens -    ✅ Added coordinate token batch 2: 1000 tokens
INFO - tokens -    ✅ Added coordinate token batch 3: 48 tokens
INFO - tokens -    ✅ Total coordinate tokens added: 2048
INFO - tokens - 🔧 Resizing model embeddings for 2052 new tokens...
INFO - tokens -    ✅ Embeddings resized: 153713 -> 153717
INFO - tokens - ✅ Token setup complete. Added 2052 new tokens.
INFO - tokens - 🔧 Setting up unified token management...
INFO - tokens - 🔍 Detecting existing tokens...
INFO - tokens -    ✅ Found object_ref_start: <|object_ref_start|> -> ID 151646
INFO - tokens -    ✅ Found object_ref_end: <|object_ref_end|> -> ID 151647
INFO - tokens -    ✅ Found box_start: <|box_start|> -> ID 151648
INFO - tokens -    ✅ Found box_end: <|box_end|> -> ID 151649
INFO - tokens - ➕ Adding new geometry tokens...
INFO - tokens -    ✅ All geometry tokens already exist
INFO - tokens - ➕ Adding coordinate tokens [0, 2047]...
INFO - tokens -    ✅ All coordinate tokens already exist
INFO - tokens - ✅ Token setup complete. Added 0 new tokens.
INFO - training - 🚀 Coordinate token setup complete. Extended vocab: 153713
INFO - training - 🔧 Model on device: cuda:0 (embeddings handled by base model)
INFO - training - 📄 No coordinate extensions found - using standard model
INFO - unified_loader - 🔧 Validating coordinate token vocabulary consistency
INFO - unified_loader - 📊 Model vocab size: 153717
INFO - unified_loader - 📊 Tokenizer vocab size: 153717
INFO - unified_loader - 📊 Extended vocab size: 153713
INFO - unified_loader - ✅ Model has coordinate token extensions - ensuring consistency
INFO - unified_loader - ✅ Set detection_enabled=True for coordinate token model
INFO - unified_loader - ✅ Detection-enabled model loaded successfully
INFO - unified_loader - 🔍 SPECIAL TOKEN IDs:
INFO - unified_loader -    <|box_start|>: 151648
INFO - unified_loader -    <|box_end|>: 151649
INFO - unified_loader -    <|square_start|>: 151667
INFO - unified_loader -    <|square_end|>: 151668
INFO - unified_loader -    <|line_start|>: 151665
INFO - unified_loader -    <|line_end|>: 151666
INFO - unified_loader -    <|object_ref_start|>: 151646
INFO - unified_loader -    <|object_ref_end|>: 151647
INFO - unified_loader - 📊 Loading processor from: /data3/Qwen2.5-VL-main/model_cache/Qwen/Qwen2.5-VL-3B-Instruct
INFO - unified_loader - ✅ Processor loaded successfully
INFO - unified_loader - 🔧 Applying training chat template...
INFO - unified_loader - ✅ Training chat template applied
INFO - unified_loader - 🔍 Verifying Qwen2.5-VL patches...
INFO - patches - ✅ mRoPE patch verification successful
INFO - patches - ✅ Safe visual forward patch verification successful
INFO - patches - ✅ All patch verifications successful
INFO - unified_loader - ✅ UNIFIED MODEL LOADING COMPLETE
INFO - unified_loader -    Model type: Detection-enabled
INFO - unified_loader -    Tokenizer vocab size: 153717
INFO - unified_loader -    Tokenizer padding side: left
INFO - unified_loader -    Model device: cuda:0
INFO - unified_loader -    Model dtype: torch.bfloat16
INFO - unified_loader - 🎯 Initializing Token Managers for vocabulary extension...
INFO - unified_loader - 🔢 Adding 2048 coordinate tokens to vocabulary
INFO - unified_loader - 📐 Adding 4 geometry tokens to vocabulary
INFO - unified_loader - 📊 Vocabulary extension: 151665 + 2052 = 153717
INFO - tokens - 🔧 Setting up unified token management...
INFO - tokens - 🔍 Detecting existing tokens...
INFO - tokens -    ✅ Found object_ref_start: <|object_ref_start|> -> ID 151646
INFO - tokens -    ✅ Found object_ref_end: <|object_ref_end|> -> ID 151647
INFO - tokens -    ✅ Found box_start: <|box_start|> -> ID 151648
INFO - tokens -    ✅ Found box_end: <|box_end|> -> ID 151649
INFO - tokens - ➕ Adding new geometry tokens...
INFO - tokens -    ✅ All geometry tokens already exist
INFO - tokens - ➕ Adding coordinate tokens [0, 2047]...
INFO - tokens -    ✅ All coordinate tokens already exist
INFO - tokens - ✅ Token setup complete. Added 0 new tokens.
INFO - unified_loader - 📊 FINAL VOCABULARY VERIFICATION:
INFO - unified_loader -    Expected size: 153717
INFO - unified_loader -    Tokenizer size: 153717
INFO - unified_loader -    Model embedding size: 153717
INFO - unified_loader - ✅ Final tokenizer size verified: 153717
INFO - unified_loader - ✅ Model-tokenizer size consistency verified: 153717
INFO - unified_loader - ✅ Simple Token Manager initialized successfully!
INFO - gpu_test_base - 💾 Cached model: coordinate_model (cache size: 2)
INFO - test_utils - ✅ Model loading (/data3/Qwen2.5-VL-main/model_cache/Qwen/Qwen2.5-VL-3B-Instruct) - Final GPU memory: 14501.0 MB (+7206.7 MB)
INFO - test_model_loading - ✅ Coordinate model loading test passed:
INFO - test_model_loading -    Model type: Qwen25VLWithDetection
INFO - test_model_loading -    Vocabulary size: 153717
INFO - test_model_loading -    Expected size: 153721
INFO - test_model_loading -    Coordinate tokens: 2048
INFO - test_utils - 🧹 GPU Memory Cleanup Complete:
INFO - test_utils -    Allocated: 14501.0 MB → 14501.0 MB (-0.0 MB)
INFO - test_utils -    Reserved: 20738.0 MB → 18334.0 MB (-2404.0 MB)
INFO - gpu_test_base - 🧪 Test test_flash_attention_compatibility - Initial GPU memory: 14501.0 MB
INFO - test_model_loading - 🧪 Testing Flash Attention Compatibility
INFO - test_model_loading - 🔄 Testing flash attention - standard mode
INFO - test_config - ✅ Created coordinate disabled config: /data3/Qwen2.5-VL-main/tests/configs/coordinate_disabled_standard.yaml
INFO - test_utils - 🧹 Cleaned up: model, tokenizer, processor
INFO - gpu_test_base - 🗑️ Removed cached model: teacher_student_model (cache full)
INFO - test_utils - 💾 GPU Memory Check: 73814.8 MB available, 2000.0 MB required
INFO - test_utils - 🚀 Model loading (/data3/Qwen2.5-VL-main/model_cache/Qwen/Qwen2.5-VL-3B-Instruct) - Initial GPU memory: 7222.9 MB
INFO - unified_loader - 🔧 UNIFIED MODEL LOADING: /data3/Qwen2.5-VL-main/model_cache/Qwen/Qwen2.5-VL-3B-Instruct
INFO - unified_loader -    Mode: TRAINING
INFO - unified_loader - 📄 Using global configuration system (fallback)
INFO - unified_loader - 🔧 Applying comprehensive Qwen2.5-VL fixes...
INFO - patches - ✅ Official mRoPE fix applied (with batch dimension fix)
INFO - patches - ✅ Safe visual forward patch applied for generation
INFO - patches - 🔇 qwenvl Flash-Attention override skipped – using HF default
INFO - patches - ✅ All Qwen2.5-VL fixes applied successfully
INFO - patches -    - mRoPE: Uses official doubling logic + batch fix
INFO - patches -    - Visual: Safe processing for generation
INFO - patches -    - Dimension handling: Robust edge case management
INFO - patches -    - Batch handling: Fixed mrope_section duplication
INFO - unified_loader - 🎯 Detection wrapper enabled for coordinate tokens: False
INFO - unified_loader - 🎯 Coordinate tokens enabled: False
INFO - unified_loader - ⚡ Attention implementation OVERRIDE: flash_attention_2
INFO - unified_loader - 🔤 Loading tokenizer from: /data3/Qwen2.5-VL-main/model_cache/Qwen/Qwen2.5-VL-3B-Instruct
INFO - unified_loader - [PADDING_SIDE_CHECK] Tokenizer padding side after load: left
INFO - unified_loader - 📄 Loading BASE model (no detection)
INFO - unified_loader - ✅ Base model loaded successfully
INFO - unified_loader - 🎯 Adding 4 special tokens: ['<|square_start|>', '<|square_end|>', '<|line_start|>', '<|line_end|>']
INFO - unified_loader - ✅ Added 4 special tokens to tokenizer
INFO - unified_loader - 🎯 Resizing model embeddings for new tokens
INFO - unified_loader - ✅ Model embeddings resized to 151669
INFO - unified_loader - 🔍 SPECIAL TOKEN IDs:
INFO - unified_loader -    <|box_start|>: 151648
INFO - unified_loader -    <|box_end|>: 151649
INFO - unified_loader -    <|square_start|>: 151665
INFO - unified_loader -    <|square_end|>: 151666
INFO - unified_loader -    <|line_start|>: 151667
INFO - unified_loader -    <|line_end|>: 151668
INFO - unified_loader -    <|object_ref_start|>: 151646
INFO - unified_loader -    <|object_ref_end|>: 151647
INFO - unified_loader - 📊 Loading processor from: /data3/Qwen2.5-VL-main/model_cache/Qwen/Qwen2.5-VL-3B-Instruct
INFO - unified_loader - ✅ Processor loaded successfully
INFO - unified_loader - 🔧 Applying training chat template...
INFO - unified_loader - ✅ Training chat template applied
INFO - unified_loader - 🔍 Verifying Qwen2.5-VL patches...
INFO - patches - ✅ mRoPE patch verification successful
INFO - patches - ✅ Safe visual forward patch verification successful
INFO - patches - ✅ All patch verifications successful
INFO - unified_loader - ✅ UNIFIED MODEL LOADING COMPLETE
INFO - unified_loader -    Model type: Base model
INFO - unified_loader -    Tokenizer vocab size: 151669
INFO - unified_loader -    Tokenizer padding side: left
INFO - unified_loader -    Model device: cuda:0
INFO - unified_loader -    Model dtype: torch.bfloat16
INFO - unified_loader - ℹ️ Coordinate tokens disabled - using standard format
INFO - unified_loader - 📐 Adding geometry tokens (coordinate tokens disabled)
INFO - tokens - 🔧 Setting up unified token management...
INFO - tokens - 🔍 Detecting existing tokens...
INFO - tokens -    ✅ Found object_ref_start: <|object_ref_start|> -> ID 151646
INFO - tokens -    ✅ Found object_ref_end: <|object_ref_end|> -> ID 151647
INFO - tokens -    ✅ Found box_start: <|box_start|> -> ID 151648
INFO - tokens -    ✅ Found box_end: <|box_end|> -> ID 151649
INFO - tokens - ➕ Adding new geometry tokens...
INFO - tokens -    ✅ All geometry tokens already exist
INFO - tokens - ➕ Adding coordinate tokens [0, -1]...
INFO - tokens -    ✅ All coordinate tokens already exist
INFO - tokens - ✅ Token setup complete. Added 0 new tokens.
INFO - unified_loader - 📊 GEOMETRY-ONLY VOCABULARY VERIFICATION:
INFO - unified_loader -    Base size: 151665
INFO - unified_loader -    Geometry tokens: 4
INFO - unified_loader -    Expected size: 151669
INFO - unified_loader -    Actual tokenizer size: 151669
INFO - unified_loader -    Actual model size: 151669
INFO - gpu_test_base - 💾 Cached model: flash_attention_standard_model (cache size: 2)
INFO - test_utils - ✅ Model loading (/data3/Qwen2.5-VL-main/model_cache/Qwen/Qwen2.5-VL-3B-Instruct) - Final GPU memory: 7681.4 MB (+458.5 MB)
INFO - test_model_loading - ✅ Flash attention standard mode test passed
INFO - test_model_loading - 🔄 Testing flash attention - coordinate mode
INFO - test_config - ✅ Created coordinate enabled config: /data3/Qwen2.5-VL-main/tests/configs/coordinate_enabled_standard.yaml
INFO - test_utils - 🧹 GPU Memory Cleanup Complete:
INFO - test_utils -    Allocated: 7684.4 MB → 7684.4 MB (-0.0 MB)
INFO - test_utils -    Reserved: 11366.0 MB → 11366.0 MB (-0.0 MB)
WARNING - gpu_test_base - ⚠️ Test test_flash_attention_compatibility exceeded model load limit, forced cleanup
INFO - test_utils - 🧹 Cleaned up: model, tokenizer, processor
INFO - gpu_test_base - 🗑️ Removed cached model: coordinate_model (cache full)
INFO - test_utils - 💾 GPU Memory Check: 80560.0 MB available, 2000.0 MB required
INFO - test_utils - 🚀 Model loading (/data3/Qwen2.5-VL-main/model_cache/Qwen/Qwen2.5-VL-3B-Instruct) - Initial GPU memory: 477.7 MB
INFO - unified_loader - 🔧 UNIFIED MODEL LOADING: /data3/Qwen2.5-VL-main/model_cache/Qwen/Qwen2.5-VL-3B-Instruct
INFO - unified_loader -    Mode: TRAINING
INFO - unified_loader - 📄 Using global configuration system (fallback)
INFO - unified_loader - 🔧 Applying comprehensive Qwen2.5-VL fixes...
INFO - patches - ✅ Official mRoPE fix applied (with batch dimension fix)
INFO - patches - ✅ Safe visual forward patch applied for generation
INFO - patches - 🔇 qwenvl Flash-Attention override skipped – using HF default
INFO - patches - ✅ All Qwen2.5-VL fixes applied successfully
INFO - patches -    - mRoPE: Uses official doubling logic + batch fix
INFO - patches -    - Visual: Safe processing for generation
INFO - patches -    - Dimension handling: Robust edge case management
INFO - patches -    - Batch handling: Fixed mrope_section duplication
INFO - unified_loader - 🎯 Detection wrapper enabled for coordinate tokens: True
INFO - unified_loader - 🎯 Coordinate tokens enabled: True
INFO - unified_loader - ⚡ Attention implementation OVERRIDE: flash_attention_2
INFO - unified_loader - 🔤 Loading tokenizer from: /data3/Qwen2.5-VL-main/model_cache/Qwen/Qwen2.5-VL-3B-Instruct
INFO - unified_loader - [PADDING_SIDE_CHECK] Tokenizer padding side after load: left
INFO - unified_loader - 🎯 Loading DETECTION-ENABLED model via wrapper
INFO - unified_loader - 🔧 Coordinate tokens enabled: True
INFO - unified_loader - ✅ Coordinate token configuration created
INFO - training - 🔧 Model loaded with attention: flash_attention_2
INFO - training - 🔧 Model config attn_implementation: flash_attention_2
INFO - patches - ✅ Official mRoPE fix applied (with batch dimension fix)
INFO - patches - ✅ Safe visual forward patch applied for generation
INFO - patches - 🔇 qwenvl Flash-Attention override skipped – using HF default
INFO - patches - ✅ All Qwen2.5-VL fixes applied successfully
INFO - patches -    - mRoPE: Uses official doubling logic + batch fix
INFO - patches -    - Visual: Safe processing for generation
INFO - patches -    - Dimension handling: Robust edge case management
INFO - patches -    - Batch handling: Fixed mrope_section duplication
INFO - training - 🚀 Setting up coordinate tokens (enabled: True)
INFO - training -    🎯 Initializing coordinate tokens [151665:153713]
INFO - training -    🔓 All embeddings jointly trainable for BBU domain adaptation
INFO - training -    ✅ Created extended embeddings: 153713 tokens
INFO - training -    ✅ Initialized 2048 coordinate tokens with std=0.02
INFO - training -    🎯 Initializing coordinate projections [151665:153713]
INFO - training -    🔓 All projections jointly trainable for BBU domain adaptation
INFO - training -    ✅ Created extended LM head: 153713 tokens
INFO - training -    ✅ Initialized 2048 coordinate projections with std=0.02
INFO - tokens - 🔧 Setting up unified token management...
INFO - tokens - 🔍 Detecting existing tokens...
INFO - tokens -    ✅ Found object_ref_start: <|object_ref_start|> -> ID 151646
INFO - tokens -    ✅ Found object_ref_end: <|object_ref_end|> -> ID 151647
INFO - tokens -    ✅ Found box_start: <|box_start|> -> ID 151648
INFO - tokens -    ✅ Found box_end: <|box_end|> -> ID 151649
INFO - tokens - ➕ Adding new geometry tokens...
INFO - tokens -    ✅ Added 4 geometry tokens: ['<|line_start|>', '<|line_end|>', '<|square_start|>', '<|square_end|>']
INFO - tokens - ➕ Adding coordinate tokens [0, 2047]...
INFO - tokens -    ✅ Added coordinate token batch 1: 1000 tokens
INFO - tokens -    ✅ Added coordinate token batch 2: 1000 tokens
INFO - tokens -    ✅ Added coordinate token batch 3: 48 tokens
INFO - tokens -    ✅ Total coordinate tokens added: 2048
INFO - tokens - 🔧 Resizing model embeddings for 2052 new tokens...
INFO - tokens -    ✅ Embeddings resized: 153713 -> 153717
INFO - tokens - ✅ Token setup complete. Added 2052 new tokens.
INFO - tokens - 🔧 Setting up unified token management...
INFO - tokens - 🔍 Detecting existing tokens...
INFO - tokens -    ✅ Found object_ref_start: <|object_ref_start|> -> ID 151646
INFO - tokens -    ✅ Found object_ref_end: <|object_ref_end|> -> ID 151647
INFO - tokens -    ✅ Found box_start: <|box_start|> -> ID 151648
INFO - tokens -    ✅ Found box_end: <|box_end|> -> ID 151649
INFO - tokens - ➕ Adding new geometry tokens...
INFO - tokens -    ✅ All geometry tokens already exist
INFO - tokens - ➕ Adding coordinate tokens [0, 2047]...
INFO - tokens -    ✅ All coordinate tokens already exist
INFO - tokens - ✅ Token setup complete. Added 0 new tokens.
INFO - training - 🚀 Coordinate token setup complete. Extended vocab: 153713
INFO - training - 🔧 Model on device: cuda:0 (embeddings handled by base model)
INFO - training - 📄 No coordinate extensions found - using standard model
INFO - unified_loader - 🔧 Validating coordinate token vocabulary consistency
INFO - unified_loader - 📊 Model vocab size: 153717
INFO - unified_loader - 📊 Tokenizer vocab size: 153717
INFO - unified_loader - 📊 Extended vocab size: 153713
INFO - unified_loader - ✅ Model has coordinate token extensions - ensuring consistency
INFO - unified_loader - ✅ Set detection_enabled=True for coordinate token model
INFO - unified_loader - ✅ Detection-enabled model loaded successfully
INFO - unified_loader - 🔍 SPECIAL TOKEN IDs:
INFO - unified_loader -    <|box_start|>: 151648
INFO - unified_loader -    <|box_end|>: 151649
INFO - unified_loader -    <|square_start|>: 151667
INFO - unified_loader -    <|square_end|>: 151668
INFO - unified_loader -    <|line_start|>: 151665
INFO - unified_loader -    <|line_end|>: 151666
INFO - unified_loader -    <|object_ref_start|>: 151646
INFO - unified_loader -    <|object_ref_end|>: 151647
INFO - unified_loader - 📊 Loading processor from: /data3/Qwen2.5-VL-main/model_cache/Qwen/Qwen2.5-VL-3B-Instruct
INFO - unified_loader - ✅ Processor loaded successfully
INFO - unified_loader - 🔧 Applying training chat template...
INFO - unified_loader - ✅ Training chat template applied
INFO - unified_loader - 🔍 Verifying Qwen2.5-VL patches...
INFO - patches - ✅ mRoPE patch verification successful
INFO - patches - ✅ Safe visual forward patch verification successful
INFO - patches - ✅ All patch verifications successful
INFO - unified_loader - ✅ UNIFIED MODEL LOADING COMPLETE
INFO - unified_loader -    Model type: Detection-enabled
INFO - unified_loader -    Tokenizer vocab size: 153717
INFO - unified_loader -    Tokenizer padding side: left
INFO - unified_loader -    Model device: cuda:0
INFO - unified_loader -    Model dtype: torch.bfloat16
INFO - unified_loader - 🎯 Initializing Token Managers for vocabulary extension...
INFO - unified_loader - 🔢 Adding 2048 coordinate tokens to vocabulary
INFO - unified_loader - 📐 Adding 4 geometry tokens to vocabulary
INFO - unified_loader - 📊 Vocabulary extension: 151665 + 2052 = 153717
INFO - tokens - 🔧 Setting up unified token management...
INFO - tokens - 🔍 Detecting existing tokens...
INFO - tokens -    ✅ Found object_ref_start: <|object_ref_start|> -> ID 151646
INFO - tokens -    ✅ Found object_ref_end: <|object_ref_end|> -> ID 151647
INFO - tokens -    ✅ Found box_start: <|box_start|> -> ID 151648
INFO - tokens -    ✅ Found box_end: <|box_end|> -> ID 151649
INFO - tokens - ➕ Adding new geometry tokens...
INFO - tokens -    ✅ All geometry tokens already exist
INFO - tokens - ➕ Adding coordinate tokens [0, 2047]...
INFO - tokens -    ✅ All coordinate tokens already exist
INFO - tokens - ✅ Token setup complete. Added 0 new tokens.
INFO - unified_loader - 📊 FINAL VOCABULARY VERIFICATION:
INFO - unified_loader -    Expected size: 153717
INFO - unified_loader -    Tokenizer size: 153717
INFO - unified_loader -    Model embedding size: 153717
INFO - unified_loader - ✅ Final tokenizer size verified: 153717
INFO - unified_loader - ✅ Model-tokenizer size consistency verified: 153717
INFO - unified_loader - ✅ Simple Token Manager initialized successfully!
INFO - gpu_test_base - 💾 Cached model: flash_attention_coordinate_model (cache size: 2)
INFO - test_utils - ✅ Model loading (/data3/Qwen2.5-VL-main/model_cache/Qwen/Qwen2.5-VL-3B-Instruct) - Final GPU memory: 7685.9 MB (+7208.2 MB)
INFO - test_model_loading - ✅ Flash attention coordinate mode test passed
INFO - test_utils - 🧹 GPU Memory Cleanup Complete:
INFO - test_utils -    Allocated: 7682.9 MB → 7682.9 MB (-0.0 MB)
INFO - test_utils -    Reserved: 13770.0 MB → 10760.0 MB (-3010.0 MB)
INFO - gpu_test_base - 🧪 Test test_inference_mode_loading - Initial GPU memory: 7682.9 MB
INFO - test_model_loading - 🧪 Testing Inference Mode Loading
INFO - test_config - ✅ Created coordinate enabled config: /data3/Qwen2.5-VL-main/tests/configs/coordinate_enabled_standard.yaml
INFO - test_utils - 🚀 Inference model loading - Initial GPU memory: 7682.9 MB
INFO - unified_loader - 🔧 UNIFIED MODEL LOADING: /data3/Qwen2.5-VL-main/model_cache/Qwen/Qwen2.5-VL-3B-Instruct
INFO - unified_loader -    Mode: INFERENCE
INFO - unified_loader - 📄 Using global configuration system (fallback)
INFO - unified_loader - 🔧 Applying comprehensive Qwen2.5-VL fixes...
INFO - patches - ✅ Official mRoPE fix applied (with batch dimension fix)
INFO - patches - ✅ Safe visual forward patch applied for generation
INFO - patches - 🔇 qwenvl Flash-Attention override skipped – using HF default
INFO - patches - ✅ All Qwen2.5-VL fixes applied successfully
INFO - patches -    - mRoPE: Uses official doubling logic + batch fix
INFO - patches -    - Visual: Safe processing for generation
INFO - patches -    - Dimension handling: Robust edge case management
INFO - patches -    - Batch handling: Fixed mrope_section duplication
INFO - unified_loader - 🎯 Detection wrapper enabled for coordinate tokens: True
INFO - unified_loader - 🎯 Coordinate tokens enabled: True
INFO - unified_loader - ⚡ Attention implementation OVERRIDE: flash_attention_2
INFO - unified_loader - 🔤 Loading tokenizer from: /data3/Qwen2.5-VL-main/model_cache/Qwen/Qwen2.5-VL-3B-Instruct
INFO - unified_loader - [PADDING_SIDE_CHECK] Tokenizer padding side after load: left
INFO - unified_loader - 🎯 Loading DETECTION-ENABLED model via wrapper
INFO - unified_loader - 🔧 Coordinate tokens enabled: True
INFO - unified_loader - ✅ Coordinate token configuration created
INFO - training - 🔧 Model loaded with attention: flash_attention_2
INFO - training - 🔧 Model config attn_implementation: flash_attention_2
INFO - patches - ✅ Official mRoPE fix applied (with batch dimension fix)
INFO - patches - ✅ Safe visual forward patch applied for generation
INFO - patches - 🔇 qwenvl Flash-Attention override skipped – using HF default
INFO - patches - ✅ All Qwen2.5-VL fixes applied successfully
INFO - patches -    - mRoPE: Uses official doubling logic + batch fix
INFO - patches -    - Visual: Safe processing for generation
INFO - patches -    - Dimension handling: Robust edge case management
INFO - patches -    - Batch handling: Fixed mrope_section duplication
INFO - training - 🚀 Setting up coordinate tokens (enabled: True)
INFO - training -    🎯 Initializing coordinate tokens [151665:153713]
INFO - training -    🔓 All embeddings jointly trainable for BBU domain adaptation
INFO - training -    ✅ Created extended embeddings: 153713 tokens
INFO - training -    ✅ Initialized 2048 coordinate tokens with std=0.02
INFO - training -    🎯 Initializing coordinate projections [151665:153713]
INFO - training -    🔓 All projections jointly trainable for BBU domain adaptation
INFO - training -    ✅ Created extended LM head: 153713 tokens
INFO - training -    ✅ Initialized 2048 coordinate projections with std=0.02
INFO - tokens - 🔧 Setting up unified token management...
INFO - tokens - 🔍 Detecting existing tokens...
INFO - tokens -    ✅ Found object_ref_start: <|object_ref_start|> -> ID 151646
INFO - tokens -    ✅ Found object_ref_end: <|object_ref_end|> -> ID 151647
INFO - tokens -    ✅ Found box_start: <|box_start|> -> ID 151648
INFO - tokens -    ✅ Found box_end: <|box_end|> -> ID 151649
INFO - tokens - ➕ Adding new geometry tokens...
INFO - tokens -    ✅ Added 4 geometry tokens: ['<|line_start|>', '<|line_end|>', '<|square_start|>', '<|square_end|>']
INFO - tokens - ➕ Adding coordinate tokens [0, 2047]...
INFO - tokens -    ✅ Added coordinate token batch 1: 1000 tokens
INFO - tokens -    ✅ Added coordinate token batch 2: 1000 tokens
INFO - tokens -    ✅ Added coordinate token batch 3: 48 tokens
INFO - tokens -    ✅ Total coordinate tokens added: 2048
INFO - tokens - 🔧 Resizing model embeddings for 2052 new tokens...
INFO - tokens -    ✅ Embeddings resized: 153713 -> 153717
INFO - tokens - ✅ Token setup complete. Added 2052 new tokens.
INFO - tokens - 🔧 Setting up unified token management...
INFO - tokens - 🔍 Detecting existing tokens...
INFO - tokens -    ✅ Found object_ref_start: <|object_ref_start|> -> ID 151646
INFO - tokens -    ✅ Found object_ref_end: <|object_ref_end|> -> ID 151647
INFO - tokens -    ✅ Found box_start: <|box_start|> -> ID 151648
INFO - tokens -    ✅ Found box_end: <|box_end|> -> ID 151649
INFO - tokens - ➕ Adding new geometry tokens...
INFO - tokens -    ✅ All geometry tokens already exist
INFO - tokens - ➕ Adding coordinate tokens [0, 2047]...
INFO - tokens -    ✅ All coordinate tokens already exist
INFO - tokens - ✅ Token setup complete. Added 0 new tokens.
INFO - training - 🚀 Coordinate token setup complete. Extended vocab: 153713
INFO - training - 🔧 Model on device: cuda:0 (embeddings handled by base model)
INFO - training - 📄 No coordinate extensions found - using standard model
INFO - unified_loader - 🔧 Validating coordinate token vocabulary consistency
INFO - unified_loader - 📊 Model vocab size: 153717
INFO - unified_loader - 📊 Tokenizer vocab size: 153717
INFO - unified_loader - 📊 Extended vocab size: 153713
INFO - unified_loader - ✅ Model has coordinate token extensions - ensuring consistency
INFO - unified_loader - ✅ Set detection_enabled=True for coordinate token model
INFO - unified_loader - 🔧 Detection model moved to GPU for inference
INFO - unified_loader - 🔧 Model set to eval mode for inference
INFO - unified_loader - ✅ Detection-enabled model loaded successfully
INFO - unified_loader - 🔍 SPECIAL TOKEN IDs:
INFO - unified_loader -    <|box_start|>: 151648
INFO - unified_loader -    <|box_end|>: 151649
INFO - unified_loader -    <|square_start|>: 151667
INFO - unified_loader -    <|square_end|>: 151668
INFO - unified_loader -    <|line_start|>: 151665
INFO - unified_loader -    <|line_end|>: 151666
INFO - unified_loader -    <|object_ref_start|>: 151646
INFO - unified_loader -    <|object_ref_end|>: 151647
INFO - unified_loader - 📊 Loading processor from: /data3/Qwen2.5-VL-main/model_cache/Qwen/Qwen2.5-VL-3B-Instruct
INFO - unified_loader - ✅ Processor loaded successfully
INFO - unified_loader - 🔧 Applying training chat template...
INFO - unified_loader - ✅ Training chat template applied
INFO - unified_loader - 🔍 Verifying Qwen2.5-VL patches...
INFO - patches - ✅ mRoPE patch verification successful
INFO - patches - ✅ Safe visual forward patch verification successful
INFO - patches - ✅ All patch verifications successful
INFO - unified_loader - ✅ UNIFIED MODEL LOADING COMPLETE
INFO - unified_loader -    Model type: Detection-enabled
INFO - unified_loader -    Tokenizer vocab size: 153717
INFO - unified_loader -    Tokenizer padding side: left
INFO - unified_loader -    Model device: cuda:0
INFO - unified_loader -    Model dtype: torch.bfloat16
INFO - unified_loader - 🎯 Initializing Token Managers for vocabulary extension...
INFO - unified_loader - 🔢 Adding 2048 coordinate tokens to vocabulary
INFO - unified_loader - 📐 Adding 4 geometry tokens to vocabulary
INFO - unified_loader - 📊 Vocabulary extension: 151665 + 2052 = 153717
INFO - tokens - 🔧 Setting up unified token management...
INFO - tokens - 🔍 Detecting existing tokens...
INFO - tokens -    ✅ Found object_ref_start: <|object_ref_start|> -> ID 151646
INFO - tokens -    ✅ Found object_ref_end: <|object_ref_end|> -> ID 151647
INFO - tokens -    ✅ Found box_start: <|box_start|> -> ID 151648
INFO - tokens -    ✅ Found box_end: <|box_end|> -> ID 151649
INFO - tokens - ➕ Adding new geometry tokens...
INFO - tokens -    ✅ All geometry tokens already exist
INFO - tokens - ➕ Adding coordinate tokens [0, 2047]...
INFO - tokens -    ✅ All coordinate tokens already exist
INFO - tokens - ✅ Token setup complete. Added 0 new tokens.
INFO - unified_loader - 📊 FINAL VOCABULARY VERIFICATION:
INFO - unified_loader -    Expected size: 153717
INFO - unified_loader -    Tokenizer size: 153717
INFO - unified_loader -    Model embedding size: 153717
INFO - unified_loader - ✅ Final tokenizer size verified: 153717
INFO - unified_loader - ✅ Model-tokenizer size consistency verified: 153717
INFO - unified_loader - ✅ Simple Token Manager initialized successfully!
INFO - test_utils - ✅ Inference model loading - Final GPU memory: 14942.6 MB (+7259.7 MB)
INFO - test_model_loading - ✅ Inference mode loading test passed
INFO - test_utils - 🧹 Cleaned up: model, tokenizer, processor
INFO - test_utils - 🧹 GPU Memory Cleanup Complete:
INFO - test_utils -    Allocated: 7682.9 MB → 7682.9 MB (-0.0 MB)
INFO - test_utils -    Reserved: 19370.0 MB → 10762.0 MB (-8608.0 MB)
INFO - gpu_test_base - 🧪 Test test_model_consistency_across_modes - Initial GPU memory: 7682.9 MB
INFO - test_model_loading - 🧪 Testing Model Loading Consistency
INFO - test_config - ✅ Created coordinate disabled config: /data3/Qwen2.5-VL-main/tests/configs/coordinate_disabled_standard.yaml
INFO - test_utils - 🧹 Cleaned up: model, tokenizer, processor
INFO - gpu_test_base - 🗑️ Removed cached model: flash_attention_standard_model (cache full)
INFO - test_utils - 💾 GPU Memory Check: 73813.3 MB available, 2000.0 MB required
INFO - test_utils - 🚀 Model loading (/data3/Qwen2.5-VL-main/model_cache/Qwen/Qwen2.5-VL-3B-Instruct) - Initial GPU memory: 7224.5 MB
INFO - unified_loader - 🔧 UNIFIED MODEL LOADING: /data3/Qwen2.5-VL-main/model_cache/Qwen/Qwen2.5-VL-3B-Instruct
INFO - unified_loader -    Mode: TRAINING
INFO - unified_loader - 📄 Using global configuration system (fallback)
INFO - unified_loader - 🔧 Applying comprehensive Qwen2.5-VL fixes...
INFO - patches - ✅ Official mRoPE fix applied (with batch dimension fix)
INFO - patches - ✅ Safe visual forward patch applied for generation
INFO - patches - 🔇 qwenvl Flash-Attention override skipped – using HF default
INFO - patches - ✅ All Qwen2.5-VL fixes applied successfully
INFO - patches -    - mRoPE: Uses official doubling logic + batch fix
INFO - patches -    - Visual: Safe processing for generation
INFO - patches -    - Dimension handling: Robust edge case management
INFO - patches -    - Batch handling: Fixed mrope_section duplication
INFO - unified_loader - 🎯 Detection wrapper enabled for coordinate tokens: False
INFO - unified_loader - 🎯 Coordinate tokens enabled: False
INFO - unified_loader - ⚡ Attention implementation OVERRIDE: flash_attention_2
INFO - unified_loader - 🔤 Loading tokenizer from: /data3/Qwen2.5-VL-main/model_cache/Qwen/Qwen2.5-VL-3B-Instruct
INFO - unified_loader - [PADDING_SIDE_CHECK] Tokenizer padding side after load: left
INFO - unified_loader - 📄 Loading BASE model (no detection)
INFO - unified_loader - ✅ Base model loaded successfully
INFO - unified_loader - 🎯 Adding 4 special tokens: ['<|square_start|>', '<|square_end|>', '<|line_start|>', '<|line_end|>']
INFO - unified_loader - ✅ Added 4 special tokens to tokenizer
INFO - unified_loader - 🎯 Resizing model embeddings for new tokens
INFO - unified_loader - ✅ Model embeddings resized to 151669
INFO - unified_loader - 🔍 SPECIAL TOKEN IDs:
INFO - unified_loader -    <|box_start|>: 151648
INFO - unified_loader -    <|box_end|>: 151649
INFO - unified_loader -    <|square_start|>: 151665
INFO - unified_loader -    <|square_end|>: 151666
INFO - unified_loader -    <|line_start|>: 151667
INFO - unified_loader -    <|line_end|>: 151668
INFO - unified_loader -    <|object_ref_start|>: 151646
INFO - unified_loader -    <|object_ref_end|>: 151647
INFO - unified_loader - 📊 Loading processor from: /data3/Qwen2.5-VL-main/model_cache/Qwen/Qwen2.5-VL-3B-Instruct
INFO - unified_loader - ✅ Processor loaded successfully
INFO - unified_loader - 🔧 Applying training chat template...
INFO - unified_loader - ✅ Training chat template applied
INFO - unified_loader - 🔍 Verifying Qwen2.5-VL patches...
INFO - patches - ✅ mRoPE patch verification successful
INFO - patches - ✅ Safe visual forward patch verification successful
INFO - patches - ✅ All patch verifications successful
INFO - unified_loader - ✅ UNIFIED MODEL LOADING COMPLETE
INFO - unified_loader -    Model type: Base model
INFO - unified_loader -    Tokenizer vocab size: 151669
INFO - unified_loader -    Tokenizer padding side: left
INFO - unified_loader -    Model device: cuda:0
INFO - unified_loader -    Model dtype: torch.bfloat16
INFO - unified_loader - ℹ️ Coordinate tokens disabled - using standard format
INFO - unified_loader - 📐 Adding geometry tokens (coordinate tokens disabled)
INFO - tokens - 🔧 Setting up unified token management...
INFO - tokens - 🔍 Detecting existing tokens...
INFO - tokens -    ✅ Found object_ref_start: <|object_ref_start|> -> ID 151646
INFO - tokens -    ✅ Found object_ref_end: <|object_ref_end|> -> ID 151647
INFO - tokens -    ✅ Found box_start: <|box_start|> -> ID 151648
INFO - tokens -    ✅ Found box_end: <|box_end|> -> ID 151649
INFO - tokens - ➕ Adding new geometry tokens...
INFO - tokens -    ✅ All geometry tokens already exist
INFO - tokens - ➕ Adding coordinate tokens [0, -1]...
INFO - tokens -    ✅ All coordinate tokens already exist
INFO - tokens - ✅ Token setup complete. Added 0 new tokens.
INFO - unified_loader - 📊 GEOMETRY-ONLY VOCABULARY VERIFICATION:
INFO - unified_loader -    Base size: 151665
INFO - unified_loader -    Geometry tokens: 4
INFO - unified_loader -    Expected size: 151669
INFO - unified_loader -    Actual tokenizer size: 151669
INFO - unified_loader -    Actual model size: 151669
INFO - gpu_test_base - 💾 Cached model: memory_comparison_standard_model (cache size: 2)
INFO - test_utils - ✅ Model loading (/data3/Qwen2.5-VL-main/model_cache/Qwen/Qwen2.5-VL-3B-Instruct) - Final GPU memory: 7683.3 MB (+458.8 MB)
INFO - test_config - ✅ Created coordinate enabled config: /data3/Qwen2.5-VL-main/tests/configs/coordinate_enabled_standard.yaml
INFO - test_utils - 🧹 GPU Memory Cleanup Complete:
INFO - test_utils -    Allocated: 7683.3 MB → 7683.3 MB (-0.0 MB)
INFO - test_utils -    Reserved: 10158.0 MB → 10158.0 MB (-0.0 MB)
WARNING - gpu_test_base - ⚠️ Test test_model_consistency_across_modes exceeded model load limit, forced cleanup
INFO - test_utils - 🧹 Cleaned up: model, tokenizer, processor
INFO - gpu_test_base - 🗑️ Removed cached model: flash_attention_coordinate_model (cache full)
INFO - test_utils - 💾 GPU Memory Check: 80562.7 MB available, 2000.0 MB required
INFO - test_utils - 🚀 Model loading (/data3/Qwen2.5-VL-main/model_cache/Qwen/Qwen2.5-VL-3B-Instruct) - Initial GPU memory: 475.1 MB
INFO - unified_loader - 🔧 UNIFIED MODEL LOADING: /data3/Qwen2.5-VL-main/model_cache/Qwen/Qwen2.5-VL-3B-Instruct
INFO - unified_loader -    Mode: TRAINING
INFO - unified_loader - 📄 Using global configuration system (fallback)
INFO - unified_loader - 🔧 Applying comprehensive Qwen2.5-VL fixes...
INFO - patches - ✅ Official mRoPE fix applied (with batch dimension fix)
INFO - patches - ✅ Safe visual forward patch applied for generation
INFO - patches - 🔇 qwenvl Flash-Attention override skipped – using HF default
INFO - patches - ✅ All Qwen2.5-VL fixes applied successfully
INFO - patches -    - mRoPE: Uses official doubling logic + batch fix
INFO - patches -    - Visual: Safe processing for generation
INFO - patches -    - Dimension handling: Robust edge case management
INFO - patches -    - Batch handling: Fixed mrope_section duplication
INFO - unified_loader - 🎯 Detection wrapper enabled for coordinate tokens: True
INFO - unified_loader - 🎯 Coordinate tokens enabled: True
INFO - unified_loader - ⚡ Attention implementation OVERRIDE: flash_attention_2
INFO - unified_loader - 🔤 Loading tokenizer from: /data3/Qwen2.5-VL-main/model_cache/Qwen/Qwen2.5-VL-3B-Instruct
INFO - unified_loader - [PADDING_SIDE_CHECK] Tokenizer padding side after load: left
INFO - unified_loader - 🎯 Loading DETECTION-ENABLED model via wrapper
INFO - unified_loader - 🔧 Coordinate tokens enabled: True
INFO - unified_loader - ✅ Coordinate token configuration created
INFO - training - 🔧 Model loaded with attention: flash_attention_2
INFO - training - 🔧 Model config attn_implementation: flash_attention_2
INFO - patches - ✅ Official mRoPE fix applied (with batch dimension fix)
INFO - patches - ✅ Safe visual forward patch applied for generation
INFO - patches - 🔇 qwenvl Flash-Attention override skipped – using HF default
INFO - patches - ✅ All Qwen2.5-VL fixes applied successfully
INFO - patches -    - mRoPE: Uses official doubling logic + batch fix
INFO - patches -    - Visual: Safe processing for generation
INFO - patches -    - Dimension handling: Robust edge case management
INFO - patches -    - Batch handling: Fixed mrope_section duplication
INFO - training - 🚀 Setting up coordinate tokens (enabled: True)
INFO - training -    🎯 Initializing coordinate tokens [151665:153713]
INFO - training -    🔓 All embeddings jointly trainable for BBU domain adaptation
INFO - training -    ✅ Created extended embeddings: 153713 tokens
INFO - training -    ✅ Initialized 2048 coordinate tokens with std=0.02
INFO - training -    🎯 Initializing coordinate projections [151665:153713]
INFO - training -    🔓 All projections jointly trainable for BBU domain adaptation
INFO - training -    ✅ Created extended LM head: 153713 tokens
INFO - training -    ✅ Initialized 2048 coordinate projections with std=0.02
INFO - tokens - 🔧 Setting up unified token management...
INFO - tokens - 🔍 Detecting existing tokens...
INFO - tokens -    ✅ Found object_ref_start: <|object_ref_start|> -> ID 151646
INFO - tokens -    ✅ Found object_ref_end: <|object_ref_end|> -> ID 151647
INFO - tokens -    ✅ Found box_start: <|box_start|> -> ID 151648
INFO - tokens -    ✅ Found box_end: <|box_end|> -> ID 151649
INFO - tokens - ➕ Adding new geometry tokens...
INFO - tokens -    ✅ Added 4 geometry tokens: ['<|line_start|>', '<|line_end|>', '<|square_start|>', '<|square_end|>']
INFO - tokens - ➕ Adding coordinate tokens [0, 2047]...
INFO - tokens -    ✅ Added coordinate token batch 1: 1000 tokens
INFO - tokens -    ✅ Added coordinate token batch 2: 1000 tokens
INFO - tokens -    ✅ Added coordinate token batch 3: 48 tokens
INFO - tokens -    ✅ Total coordinate tokens added: 2048
INFO - tokens - 🔧 Resizing model embeddings for 2052 new tokens...
INFO - tokens -    ✅ Embeddings resized: 153713 -> 153717
INFO - tokens - ✅ Token setup complete. Added 2052 new tokens.
INFO - tokens - 🔧 Setting up unified token management...
INFO - tokens - 🔍 Detecting existing tokens...
INFO - tokens -    ✅ Found object_ref_start: <|object_ref_start|> -> ID 151646
INFO - tokens -    ✅ Found object_ref_end: <|object_ref_end|> -> ID 151647
INFO - tokens -    ✅ Found box_start: <|box_start|> -> ID 151648
INFO - tokens -    ✅ Found box_end: <|box_end|> -> ID 151649
INFO - tokens - ➕ Adding new geometry tokens...
INFO - tokens -    ✅ All geometry tokens already exist
INFO - tokens - ➕ Adding coordinate tokens [0, 2047]...
INFO - tokens -    ✅ All coordinate tokens already exist
INFO - tokens - ✅ Token setup complete. Added 0 new tokens.
INFO - training - 🚀 Coordinate token setup complete. Extended vocab: 153713
INFO - training - 🔧 Model on device: cuda:0 (embeddings handled by base model)
INFO - training - 📄 No coordinate extensions found - using standard model
INFO - unified_loader - 🔧 Validating coordinate token vocabulary consistency
INFO - unified_loader - 📊 Model vocab size: 153717
INFO - unified_loader - 📊 Tokenizer vocab size: 153717
INFO - unified_loader - 📊 Extended vocab size: 153713
INFO - unified_loader - ✅ Model has coordinate token extensions - ensuring consistency
INFO - unified_loader - ✅ Set detection_enabled=True for coordinate token model
INFO - unified_loader - ✅ Detection-enabled model loaded successfully
INFO - unified_loader - 🔍 SPECIAL TOKEN IDs:
INFO - unified_loader -    <|box_start|>: 151648
INFO - unified_loader -    <|box_end|>: 151649
INFO - unified_loader -    <|square_start|>: 151667
INFO - unified_loader -    <|square_end|>: 151668
INFO - unified_loader -    <|line_start|>: 151665
INFO - unified_loader -    <|line_end|>: 151666
INFO - unified_loader -    <|object_ref_start|>: 151646
INFO - unified_loader -    <|object_ref_end|>: 151647
INFO - unified_loader - 📊 Loading processor from: /data3/Qwen2.5-VL-main/model_cache/Qwen/Qwen2.5-VL-3B-Instruct
INFO - unified_loader - ✅ Processor loaded successfully
INFO - unified_loader - 🔧 Applying training chat template...
INFO - unified_loader - ✅ Training chat template applied
INFO - unified_loader - 🔍 Verifying Qwen2.5-VL patches...
INFO - patches - ✅ mRoPE patch verification successful
INFO - patches - ✅ Safe visual forward patch verification successful
INFO - patches - ✅ All patch verifications successful
INFO - unified_loader - ✅ UNIFIED MODEL LOADING COMPLETE
INFO - unified_loader -    Model type: Detection-enabled
INFO - unified_loader -    Tokenizer vocab size: 153717
INFO - unified_loader -    Tokenizer padding side: left
INFO - unified_loader -    Model device: cuda:0
INFO - unified_loader -    Model dtype: torch.bfloat16
INFO - unified_loader - 🎯 Initializing Token Managers for vocabulary extension...
INFO - unified_loader - 🔢 Adding 2048 coordinate tokens to vocabulary
INFO - unified_loader - 📐 Adding 4 geometry tokens to vocabulary
INFO - unified_loader - 📊 Vocabulary extension: 151665 + 2052 = 153717
INFO - tokens - 🔧 Setting up unified token management...
INFO - tokens - 🔍 Detecting existing tokens...
INFO - tokens -    ✅ Found object_ref_start: <|object_ref_start|> -> ID 151646
INFO - tokens -    ✅ Found object_ref_end: <|object_ref_end|> -> ID 151647
INFO - tokens -    ✅ Found box_start: <|box_start|> -> ID 151648
INFO - tokens -    ✅ Found box_end: <|box_end|> -> ID 151649
INFO - tokens - ➕ Adding new geometry tokens...
INFO - tokens -    ✅ All geometry tokens already exist
INFO - tokens - ➕ Adding coordinate tokens [0, 2047]...
INFO - tokens -    ✅ All coordinate tokens already exist
INFO - tokens - ✅ Token setup complete. Added 0 new tokens.
INFO - unified_loader - 📊 FINAL VOCABULARY VERIFICATION:
INFO - unified_loader -    Expected size: 153717
INFO - unified_loader -    Tokenizer size: 153717
INFO - unified_loader -    Model embedding size: 153717
INFO - unified_loader - ✅ Final tokenizer size verified: 153717
INFO - unified_loader - ✅ Model-tokenizer size consistency verified: 153717
INFO - unified_loader - ✅ Simple Token Manager initialized successfully!
INFO - gpu_test_base - 💾 Cached model: memory_comparison_coordinate_model (cache size: 2)
INFO - test_utils - ✅ Model loading (/data3/Qwen2.5-VL-main/model_cache/Qwen/Qwen2.5-VL-3B-Instruct) - Final GPU memory: 7682.6 MB (+7207.6 MB)
INFO - test_model_loading - ✅ Model consistency test passed:
INFO - test_model_loading -    Common vocabulary tokens validated: 151665
INFO - test_model_loading -    Standard vocab size: 151669
INFO - test_model_loading -    Coordinate vocab size: 153717
INFO - test_utils - 🧹 GPU Memory Cleanup Complete:
INFO - test_utils -    Allocated: 7682.6 MB → 7682.6 MB (-0.0 MB)
INFO - test_utils -    Reserved: 12562.0 MB → 10156.0 MB (-2406.0 MB)
INFO - gpu_test_base - 🧪 Test test_standard_model_loading - Initial GPU memory: 7682.6 MB
INFO - test_model_loading - 🧪 Testing Standard Model Loading (No Coordinate Tokens)
INFO - test_config - ✅ Created coordinate disabled config: /data3/Qwen2.5-VL-main/tests/configs/coordinate_disabled_standard.yaml
INFO - test_utils - 🧹 Cleaned up: model, tokenizer, processor
INFO - gpu_test_base - 🗑️ Removed cached model: memory_comparison_standard_model (cache full)
INFO - test_utils - 💾 GPU Memory Check: 73813.9 MB available, 2000.0 MB required
INFO - test_utils - 🚀 Model loading (/data3/Qwen2.5-VL-main/model_cache/Qwen/Qwen2.5-VL-3B-Instruct) - Initial GPU memory: 7223.8 MB
INFO - unified_loader - 🔧 UNIFIED MODEL LOADING: /data3/Qwen2.5-VL-main/model_cache/Qwen/Qwen2.5-VL-3B-Instruct
INFO - unified_loader -    Mode: TRAINING
INFO - unified_loader - 📄 Using global configuration system (fallback)
INFO - unified_loader - 🔧 Applying comprehensive Qwen2.5-VL fixes...
INFO - patches - ✅ Official mRoPE fix applied (with batch dimension fix)
INFO - patches - ✅ Safe visual forward patch applied for generation
INFO - patches - 🔇 qwenvl Flash-Attention override skipped – using HF default
INFO - patches - ✅ All Qwen2.5-VL fixes applied successfully
INFO - patches -    - mRoPE: Uses official doubling logic + batch fix
INFO - patches -    - Visual: Safe processing for generation
INFO - patches -    - Dimension handling: Robust edge case management
INFO - patches -    - Batch handling: Fixed mrope_section duplication
INFO - unified_loader - 🎯 Detection wrapper enabled for coordinate tokens: False
INFO - unified_loader - 🎯 Coordinate tokens enabled: False
INFO - unified_loader - ⚡ Attention implementation OVERRIDE: flash_attention_2
INFO - unified_loader - 🔤 Loading tokenizer from: /data3/Qwen2.5-VL-main/model_cache/Qwen/Qwen2.5-VL-3B-Instruct
INFO - unified_loader - [PADDING_SIDE_CHECK] Tokenizer padding side after load: left
INFO - unified_loader - 📄 Loading BASE model (no detection)
INFO - unified_loader - ✅ Base model loaded successfully
INFO - unified_loader - 🎯 Adding 4 special tokens: ['<|square_start|>', '<|square_end|>', '<|line_start|>', '<|line_end|>']
INFO - unified_loader - ✅ Added 4 special tokens to tokenizer
INFO - unified_loader - 🎯 Resizing model embeddings for new tokens
INFO - unified_loader - ✅ Model embeddings resized to 151669
INFO - unified_loader - 🔍 SPECIAL TOKEN IDs:
INFO - unified_loader -    <|box_start|>: 151648
INFO - unified_loader -    <|box_end|>: 151649
INFO - unified_loader -    <|square_start|>: 151665
INFO - unified_loader -    <|square_end|>: 151666
INFO - unified_loader -    <|line_start|>: 151667
INFO - unified_loader -    <|line_end|>: 151668
INFO - unified_loader -    <|object_ref_start|>: 151646
INFO - unified_loader -    <|object_ref_end|>: 151647
INFO - unified_loader - 📊 Loading processor from: /data3/Qwen2.5-VL-main/model_cache/Qwen/Qwen2.5-VL-3B-Instruct
INFO - unified_loader - ✅ Processor loaded successfully
INFO - unified_loader - 🔧 Applying training chat template...
INFO - unified_loader - ✅ Training chat template applied
INFO - unified_loader - 🔍 Verifying Qwen2.5-VL patches...
INFO - patches - ✅ mRoPE patch verification successful
INFO - patches - ✅ Safe visual forward patch verification successful
INFO - patches - ✅ All patch verifications successful
INFO - unified_loader - ✅ UNIFIED MODEL LOADING COMPLETE
INFO - unified_loader -    Model type: Base model
INFO - unified_loader -    Tokenizer vocab size: 151669
INFO - unified_loader -    Tokenizer padding side: left
INFO - unified_loader -    Model device: cuda:0
INFO - unified_loader -    Model dtype: torch.bfloat16
INFO - unified_loader - ℹ️ Coordinate tokens disabled - using standard format
INFO - unified_loader - 📐 Adding geometry tokens (coordinate tokens disabled)
INFO - tokens - 🔧 Setting up unified token management...
INFO - tokens - 🔍 Detecting existing tokens...
INFO - tokens -    ✅ Found object_ref_start: <|object_ref_start|> -> ID 151646
INFO - tokens -    ✅ Found object_ref_end: <|object_ref_end|> -> ID 151647
INFO - tokens -    ✅ Found box_start: <|box_start|> -> ID 151648
INFO - tokens -    ✅ Found box_end: <|box_end|> -> ID 151649
INFO - tokens - ➕ Adding new geometry tokens...
INFO - tokens -    ✅ All geometry tokens already exist
INFO - tokens - ➕ Adding coordinate tokens [0, -1]...
INFO - tokens -    ✅ All coordinate tokens already exist
INFO - tokens - ✅ Token setup complete. Added 0 new tokens.
INFO - unified_loader - 📊 GEOMETRY-ONLY VOCABULARY VERIFICATION:
INFO - unified_loader -    Base size: 151665
INFO - unified_loader -    Geometry tokens: 4
INFO - unified_loader -    Expected size: 151669
INFO - unified_loader -    Actual tokenizer size: 151669
INFO - unified_loader -    Actual model size: 151669
INFO - gpu_test_base - 💾 Cached model: standard_model (cache size: 2)
INFO - test_utils - ✅ Model loading (/data3/Qwen2.5-VL-main/model_cache/Qwen/Qwen2.5-VL-3B-Instruct) - Final GPU memory: 7683.5 MB (+459.7 MB)
INFO - test_model_loading - ✅ Standard model loading test passed:
INFO - test_model_loading -    Model type: Qwen2_5_VLForConditionalGeneration
INFO - test_model_loading -    Vocabulary size: 151669
INFO - test_model_loading -    Device: cuda:0
INFO - test_model_loading -    Dtype: torch.bfloat16
INFO - test_utils - 🧹 GPU Memory Cleanup Complete:
INFO - test_utils -    Allocated: 7683.5 MB → 7683.5 MB (-0.0 MB)
INFO - test_utils -    Reserved: 9554.0 MB → 9554.0 MB (-0.0 MB)
INFO - gpu_test_base - 🧪 Test test_vocabulary_extension_validation - Initial GPU memory: 7683.5 MB
INFO - test_model_loading - 🧪 Testing Vocabulary Extension Validation
INFO - test_config - ✅ Created coordinate enabled config: /data3/Qwen2.5-VL-main/tests/configs/coordinate_enabled_standard.yaml
INFO - test_utils - 🧹 Cleaned up: model, tokenizer, processor
INFO - gpu_test_base - 🗑️ Removed cached model: memory_comparison_coordinate_model (cache full)
INFO - test_utils - 💾 GPU Memory Check: 80561.8 MB available, 2000.0 MB required
INFO - test_utils - 🚀 Model loading (/data3/Qwen2.5-VL-main/model_cache/Qwen/Qwen2.5-VL-3B-Instruct) - Initial GPU memory: 475.9 MB
INFO - unified_loader - 🔧 UNIFIED MODEL LOADING: /data3/Qwen2.5-VL-main/model_cache/Qwen/Qwen2.5-VL-3B-Instruct
INFO - unified_loader -    Mode: TRAINING
INFO - unified_loader - 📄 Using global configuration system (fallback)
INFO - unified_loader - 🔧 Applying comprehensive Qwen2.5-VL fixes...
INFO - patches - ✅ Official mRoPE fix applied (with batch dimension fix)
INFO - patches - ✅ Safe visual forward patch applied for generation
INFO - patches - 🔇 qwenvl Flash-Attention override skipped – using HF default
INFO - patches - ✅ All Qwen2.5-VL fixes applied successfully
INFO - patches -    - mRoPE: Uses official doubling logic + batch fix
INFO - patches -    - Visual: Safe processing for generation
INFO - patches -    - Dimension handling: Robust edge case management
INFO - patches -    - Batch handling: Fixed mrope_section duplication
INFO - unified_loader - 🎯 Detection wrapper enabled for coordinate tokens: True
INFO - unified_loader - 🎯 Coordinate tokens enabled: True
INFO - unified_loader - ⚡ Attention implementation OVERRIDE: flash_attention_2
INFO - unified_loader - 🔤 Loading tokenizer from: /data3/Qwen2.5-VL-main/model_cache/Qwen/Qwen2.5-VL-3B-Instruct
INFO - unified_loader - [PADDING_SIDE_CHECK] Tokenizer padding side after load: left
INFO - unified_loader - 🎯 Loading DETECTION-ENABLED model via wrapper
INFO - unified_loader - 🔧 Coordinate tokens enabled: True
INFO - unified_loader - ✅ Coordinate token configuration created
INFO - training - 🔧 Model loaded with attention: flash_attention_2
INFO - training - 🔧 Model config attn_implementation: flash_attention_2
INFO - patches - ✅ Official mRoPE fix applied (with batch dimension fix)
INFO - patches - ✅ Safe visual forward patch applied for generation
INFO - patches - 🔇 qwenvl Flash-Attention override skipped – using HF default
INFO - patches - ✅ All Qwen2.5-VL fixes applied successfully
INFO - patches -    - mRoPE: Uses official doubling logic + batch fix
INFO - patches -    - Visual: Safe processing for generation
INFO - patches -    - Dimension handling: Robust edge case management
INFO - patches -    - Batch handling: Fixed mrope_section duplication
INFO - training - 🚀 Setting up coordinate tokens (enabled: True)
INFO - training -    🎯 Initializing coordinate tokens [151665:153713]
INFO - training -    🔓 All embeddings jointly trainable for BBU domain adaptation
INFO - training -    ✅ Created extended embeddings: 153713 tokens
INFO - training -    ✅ Initialized 2048 coordinate tokens with std=0.02
INFO - training -    🎯 Initializing coordinate projections [151665:153713]
INFO - training -    🔓 All projections jointly trainable for BBU domain adaptation
INFO - training -    ✅ Created extended LM head: 153713 tokens
INFO - training -    ✅ Initialized 2048 coordinate projections with std=0.02
INFO - tokens - 🔧 Setting up unified token management...
INFO - tokens - 🔍 Detecting existing tokens...
INFO - tokens -    ✅ Found object_ref_start: <|object_ref_start|> -> ID 151646
INFO - tokens -    ✅ Found object_ref_end: <|object_ref_end|> -> ID 151647
INFO - tokens -    ✅ Found box_start: <|box_start|> -> ID 151648
INFO - tokens -    ✅ Found box_end: <|box_end|> -> ID 151649
INFO - tokens - ➕ Adding new geometry tokens...
INFO - tokens -    ✅ Added 4 geometry tokens: ['<|line_start|>', '<|line_end|>', '<|square_start|>', '<|square_end|>']
INFO - tokens - ➕ Adding coordinate tokens [0, 2047]...
INFO - tokens -    ✅ Added coordinate token batch 1: 1000 tokens
INFO - tokens -    ✅ Added coordinate token batch 2: 1000 tokens
INFO - tokens -    ✅ Added coordinate token batch 3: 48 tokens
INFO - tokens -    ✅ Total coordinate tokens added: 2048
INFO - tokens - 🔧 Resizing model embeddings for 2052 new tokens...
INFO - tokens -    ✅ Embeddings resized: 153713 -> 153717
INFO - tokens - ✅ Token setup complete. Added 2052 new tokens.
INFO - tokens - 🔧 Setting up unified token management...
INFO - tokens - 🔍 Detecting existing tokens...
INFO - tokens -    ✅ Found object_ref_start: <|object_ref_start|> -> ID 151646
INFO - tokens -    ✅ Found object_ref_end: <|object_ref_end|> -> ID 151647
INFO - tokens -    ✅ Found box_start: <|box_start|> -> ID 151648
INFO - tokens -    ✅ Found box_end: <|box_end|> -> ID 151649
INFO - tokens - ➕ Adding new geometry tokens...
INFO - tokens -    ✅ All geometry tokens already exist
INFO - tokens - ➕ Adding coordinate tokens [0, 2047]...
INFO - tokens -    ✅ All coordinate tokens already exist
INFO - tokens - ✅ Token setup complete. Added 0 new tokens.
INFO - training - 🚀 Coordinate token setup complete. Extended vocab: 153713
INFO - training - 🔧 Model on device: cuda:0 (embeddings handled by base model)
INFO - training - 📄 No coordinate extensions found - using standard model
INFO - unified_loader - 🔧 Validating coordinate token vocabulary consistency
INFO - unified_loader - 📊 Model vocab size: 153717
INFO - unified_loader - 📊 Tokenizer vocab size: 153717
INFO - unified_loader - 📊 Extended vocab size: 153713
INFO - unified_loader - ✅ Model has coordinate token extensions - ensuring consistency
INFO - unified_loader - ✅ Set detection_enabled=True for coordinate token model
INFO - unified_loader - ✅ Detection-enabled model loaded successfully
INFO - unified_loader - 🔍 SPECIAL TOKEN IDs:
INFO - unified_loader -    <|box_start|>: 151648
INFO - unified_loader -    <|box_end|>: 151649
INFO - unified_loader -    <|square_start|>: 151667
INFO - unified_loader -    <|square_end|>: 151668
INFO - unified_loader -    <|line_start|>: 151665
INFO - unified_loader -    <|line_end|>: 151666
INFO - unified_loader -    <|object_ref_start|>: 151646
INFO - unified_loader -    <|object_ref_end|>: 151647
INFO - unified_loader - 📊 Loading processor from: /data3/Qwen2.5-VL-main/model_cache/Qwen/Qwen2.5-VL-3B-Instruct
INFO - unified_loader - ✅ Processor loaded successfully
INFO - unified_loader - 🔧 Applying training chat template...
INFO - unified_loader - ✅ Training chat template applied
INFO - unified_loader - 🔍 Verifying Qwen2.5-VL patches...
INFO - patches - ✅ mRoPE patch verification successful
INFO - patches - ✅ Safe visual forward patch verification successful
INFO - patches - ✅ All patch verifications successful
INFO - unified_loader - ✅ UNIFIED MODEL LOADING COMPLETE
INFO - unified_loader -    Model type: Detection-enabled
INFO - unified_loader -    Tokenizer vocab size: 153717
INFO - unified_loader -    Tokenizer padding side: left
INFO - unified_loader -    Model device: cuda:0
INFO - unified_loader -    Model dtype: torch.bfloat16
INFO - unified_loader - 🎯 Initializing Token Managers for vocabulary extension...
INFO - unified_loader - 🔢 Adding 2048 coordinate tokens to vocabulary
INFO - unified_loader - 📐 Adding 4 geometry tokens to vocabulary
INFO - unified_loader - 📊 Vocabulary extension: 151665 + 2052 = 153717
INFO - tokens - 🔧 Setting up unified token management...
INFO - tokens - 🔍 Detecting existing tokens...
INFO - tokens -    ✅ Found object_ref_start: <|object_ref_start|> -> ID 151646
INFO - tokens -    ✅ Found object_ref_end: <|object_ref_end|> -> ID 151647
INFO - tokens -    ✅ Found box_start: <|box_start|> -> ID 151648
INFO - tokens -    ✅ Found box_end: <|box_end|> -> ID 151649
INFO - tokens - ➕ Adding new geometry tokens...
INFO - tokens -    ✅ All geometry tokens already exist
INFO - tokens - ➕ Adding coordinate tokens [0, 2047]...
INFO - tokens -    ✅ All coordinate tokens already exist
INFO - tokens - ✅ Token setup complete. Added 0 new tokens.
INFO - unified_loader - 📊 FINAL VOCABULARY VERIFICATION:
INFO - unified_loader -    Expected size: 153717
INFO - unified_loader -    Tokenizer size: 153717
INFO - unified_loader -    Model embedding size: 153717
INFO - unified_loader - ✅ Final tokenizer size verified: 153717
INFO - unified_loader - ✅ Model-tokenizer size consistency verified: 153717
INFO - unified_loader - ✅ Simple Token Manager initialized successfully!
INFO - gpu_test_base - 💾 Cached model: vocab_validation_model (cache size: 2)
INFO - test_utils - ✅ Model loading (/data3/Qwen2.5-VL-main/model_cache/Qwen/Qwen2.5-VL-3B-Instruct) - Final GPU memory: 7683.9 MB (+7208.0 MB)
INFO - test_model_loading - ✅ Vocabulary extension validation passed:
INFO - test_model_loading -    Total vocabulary size: 153717
INFO - test_model_loading -    Embedding dimensions: 153717 x 2048
INFO - test_model_loading -    Geometry tokens found: 8
INFO - test_utils - 🧹 GPU Memory Cleanup Complete:
INFO - test_utils -    Allocated: 7683.9 MB → 7683.9 MB (-0.0 MB)
INFO - test_utils -    Reserved: 12560.0 MB → 8954.0 MB (-3606.0 MB)
INFO - synthetic_data - 🧹 Cleaned up test data: /tmp/bbu_test_data_5ddfx7s6
INFO - test_config - 🧹 Cleaned up test configs: /data3/Qwen2.5-VL-main/tests/configs
INFO - test_model_loading - 🧹 Model loading test teardown complete
INFO - test_utils - 🧹 Cleaned up: model, tokenizer, processor
INFO - test_utils - 🧹 Cleaned up: model, tokenizer, processor
INFO - test_utils - 🧹 GPU Memory Cleanup Complete:
INFO - test_utils -    Allocated: 16.2 MB → 16.2 MB (-0.0 MB)
INFO - test_utils -    Reserved: 8954.0 MB → 1222.0 MB (-7732.0 MB)
INFO - test_training_components - 🧪 Starting Training Components Tests
INFO - synthetic_data - 🎨 Initialized SyntheticDataGenerator: 8 samples, (168, 168) images
INFO - synthetic_data - 📁 Data directory: /tmp/bbu_test_data_jp_uhdeh
INFO - synthetic_data - 🎨 Generating complete dataset: 8 samples
INFO - synthetic_data - ✅ Generated train.jsonl: 4 samples
INFO - synthetic_data - ✅ Generated val.jsonl: 1 samples
INFO - synthetic_data - ✅ Generated teacher.jsonl: 3 samples
INFO - synthetic_data - 🎯 Dataset generation complete!
INFO - synthetic_data -    📁 Data root: /tmp/bbu_test_data_jp_uhdeh
INFO - synthetic_data -    🖼️ Images: 8 synthetic images
INFO - synthetic_data -    📊 Split: 4 train, 1 val, 3 teacher
INFO - test_config - 📄 TestConfigFactory initialized: /data3/Qwen2.5-VL-main/tests/configs
INFO - test_training_components - ✅ Training components test setup complete
INFO - test_training_components - 🧪 Testing Backward Pass and Gradients
INFO - test_config - ✅ Created minimal config: /data3/Qwen2.5-VL-main/tests/configs/minimal_standard_standard.yaml
INFO - unified_loader - 🔧 UNIFIED MODEL LOADING: /data3/Qwen2.5-VL-main/model_cache/Qwen/Qwen2.5-VL-3B-Instruct
INFO - unified_loader -    Mode: TRAINING
INFO - unified_loader - 📄 Using global configuration system (fallback)
INFO - unified_loader - 🔧 Applying comprehensive Qwen2.5-VL fixes...
INFO - patches - ✅ Official mRoPE fix applied (with batch dimension fix)
INFO - patches - ✅ Safe visual forward patch applied for generation
INFO - patches - 🔇 qwenvl Flash-Attention override skipped – using HF default
INFO - patches - ✅ All Qwen2.5-VL fixes applied successfully
INFO - patches -    - mRoPE: Uses official doubling logic + batch fix
INFO - patches -    - Visual: Safe processing for generation
INFO - patches -    - Dimension handling: Robust edge case management
INFO - patches -    - Batch handling: Fixed mrope_section duplication
INFO - unified_loader - 🎯 Detection wrapper enabled for coordinate tokens: False
INFO - unified_loader - 🎯 Coordinate tokens enabled: False
INFO - unified_loader - ⚡ Attention implementation OVERRIDE: flash_attention_2
INFO - unified_loader - 🔤 Loading tokenizer from: /data3/Qwen2.5-VL-main/model_cache/Qwen/Qwen2.5-VL-3B-Instruct
INFO - unified_loader - [PADDING_SIDE_CHECK] Tokenizer padding side after load: left
INFO - unified_loader - 📄 Loading BASE model (no detection)
INFO - unified_loader - ✅ Base model loaded successfully
INFO - unified_loader - 🎯 Adding 4 special tokens: ['<|square_start|>', '<|square_end|>', '<|line_start|>', '<|line_end|>']
INFO - unified_loader - ✅ Added 4 special tokens to tokenizer
INFO - unified_loader - 🎯 Resizing model embeddings for new tokens
INFO - unified_loader - ✅ Model embeddings resized to 151669
INFO - unified_loader - 🔍 SPECIAL TOKEN IDs:
INFO - unified_loader -    <|box_start|>: 151648
INFO - unified_loader -    <|box_end|>: 151649
INFO - unified_loader -    <|square_start|>: 151665
INFO - unified_loader -    <|square_end|>: 151666
INFO - unified_loader -    <|line_start|>: 151667
INFO - unified_loader -    <|line_end|>: 151668
INFO - unified_loader -    <|object_ref_start|>: 151646
INFO - unified_loader -    <|object_ref_end|>: 151647
INFO - unified_loader - 📊 Loading processor from: /data3/Qwen2.5-VL-main/model_cache/Qwen/Qwen2.5-VL-3B-Instruct
INFO - unified_loader - ✅ Processor loaded successfully
INFO - unified_loader - 🔧 Applying training chat template...
INFO - unified_loader - ✅ Training chat template applied
INFO - unified_loader - 🔍 Verifying Qwen2.5-VL patches...
INFO - patches - ✅ mRoPE patch verification successful
INFO - patches - ✅ Safe visual forward patch verification successful
INFO - patches - ✅ All patch verifications successful
INFO - unified_loader - ✅ UNIFIED MODEL LOADING COMPLETE
INFO - unified_loader -    Model type: Base model
INFO - unified_loader -    Tokenizer vocab size: 151669
INFO - unified_loader -    Tokenizer padding side: left
INFO - unified_loader -    Model device: cuda:0
INFO - unified_loader -    Model dtype: torch.bfloat16
INFO - unified_loader - ℹ️ Coordinate tokens disabled - using standard format
INFO - unified_loader - 📐 Adding geometry tokens (coordinate tokens disabled)
INFO - tokens - 🔧 Setting up unified token management...
INFO - tokens - 🔍 Detecting existing tokens...
INFO - tokens -    ✅ Found object_ref_start: <|object_ref_start|> -> ID 151646
INFO - tokens -    ✅ Found object_ref_end: <|object_ref_end|> -> ID 151647
INFO - tokens -    ✅ Found box_start: <|box_start|> -> ID 151648
INFO - tokens -    ✅ Found box_end: <|box_end|> -> ID 151649
INFO - tokens - ➕ Adding new geometry tokens...
INFO - tokens -    ✅ All geometry tokens already exist
INFO - tokens - ➕ Adding coordinate tokens [0, -1]...
INFO - tokens -    ✅ All coordinate tokens already exist
INFO - tokens - ✅ Token setup complete. Added 0 new tokens.
INFO - unified_loader - 📊 GEOMETRY-ONLY VOCABULARY VERIFICATION:
INFO - unified_loader -    Base size: 151665
INFO - unified_loader -    Geometry tokens: 4
INFO - unified_loader -    Expected size: 151669
INFO - unified_loader -    Actual tokenizer size: 151669
INFO - unified_loader -    Actual model size: 151669
INFO - training - 📄 DataProcessor using explicit configuration system
INFO - training - ✅ Chat processor initialized (JSON format only)
INFO - data - Loaded 3 teacher samples from /tmp/bbu_test_data_jp_uhdeh/teacher.jsonl
INFO - data - ✅ TeacherPoolManager initialized:
INFO - data -    Teacher pool file: /tmp/bbu_test_data_jp_uhdeh/teacher.jsonl
INFO - data -    Data root: /tmp/bbu_test_data_jp_uhdeh
INFO - data -    Number of teacher images: 3
INFO - data -    Number of teacher samples: 3
INFO - data - Created teacher pool manager with 3 samples
INFO - training - ✅ Teacher pool manager initialized: /tmp/bbu_test_data_jp_uhdeh/teacher.jsonl
INFO - training - 📊 Creating datasets...
INFO - data - Loaded 4 flat samples from /tmp/bbu_test_data_jp_uhdeh/train.jsonl
INFO - data - Dataset mode: training
INFO - data - Teacher ratio: 0.7
INFO - data - Teacher pool size: 3
INFO - data - Dataset /tmp/bbu_test_data_jp_uhdeh/train.jsonl: teacher ratio set to 0.7, num_teachers=1
INFO - data - Loaded 1 flat samples from /tmp/bbu_test_data_jp_uhdeh/val.jsonl
INFO - data - Dataset mode: evaluation
INFO - data - Teacher ratio: 0.0
INFO - data - Dataset /tmp/bbu_test_data_jp_uhdeh/val.jsonl: teacher ratio set to 0.7, num_teachers=1
INFO - data - Loaded 3 teacher samples from /tmp/bbu_test_data_jp_uhdeh/teacher.jsonl
INFO - data - ✅ TeacherPoolManager initialized:
INFO - data -    Teacher pool file: /tmp/bbu_test_data_jp_uhdeh/teacher.jsonl
INFO - data -    Data root: /tmp/bbu_test_data_jp_uhdeh
INFO - data -    Number of teacher images: 3
INFO - data -    Number of teacher samples: 3
INFO - data - Created teacher pool manager with 3 samples
INFO - training - ✅ Datasets created: Train=4, Eval=1
INFO - training - 🛡️ Datasets returned directly (wrapper temporarily disabled)
INFO - training - 📦 Creating data collator...
INFO - training - ✅ Data collator created: standard
INFO - test_training_components - ✅ Backward pass test passed:
INFO - test_training_components -    Parameters with gradients: 824/824
INFO - test_training_components -    Gradient norm: 37.4953
INFO - test_utils - ⏱️ Backward pass took 0.59 seconds
INFO - test_training_components - 🧪 Testing Coordinate vs Standard Loss Consistency
INFO - test_config - ✅ Created coordinate disabled config: /data3/Qwen2.5-VL-main/tests/configs/coordinate_disabled_standard.yaml
INFO - unified_loader - 🔧 UNIFIED MODEL LOADING: /data3/Qwen2.5-VL-main/model_cache/Qwen/Qwen2.5-VL-3B-Instruct
INFO - unified_loader -    Mode: TRAINING
INFO - unified_loader - 📄 Using global configuration system (fallback)
INFO - unified_loader - 🔧 Applying comprehensive Qwen2.5-VL fixes...
INFO - patches - ✅ Official mRoPE fix applied (with batch dimension fix)
INFO - patches - ✅ Safe visual forward patch applied for generation
INFO - patches - 🔇 qwenvl Flash-Attention override skipped – using HF default
INFO - patches - ✅ All Qwen2.5-VL fixes applied successfully
INFO - patches -    - mRoPE: Uses official doubling logic + batch fix
INFO - patches -    - Visual: Safe processing for generation
INFO - patches -    - Dimension handling: Robust edge case management
INFO - patches -    - Batch handling: Fixed mrope_section duplication
INFO - unified_loader - 🎯 Detection wrapper enabled for coordinate tokens: False
INFO - unified_loader - 🎯 Coordinate tokens enabled: False
INFO - unified_loader - ⚡ Attention implementation OVERRIDE: flash_attention_2
INFO - unified_loader - 🔤 Loading tokenizer from: /data3/Qwen2.5-VL-main/model_cache/Qwen/Qwen2.5-VL-3B-Instruct
INFO - unified_loader - [PADDING_SIDE_CHECK] Tokenizer padding side after load: left
INFO - unified_loader - 📄 Loading BASE model (no detection)
INFO - unified_loader - ✅ Base model loaded successfully
INFO - unified_loader - 🎯 Adding 4 special tokens: ['<|square_start|>', '<|square_end|>', '<|line_start|>', '<|line_end|>']
INFO - unified_loader - ✅ Added 4 special tokens to tokenizer
INFO - unified_loader - 🎯 Resizing model embeddings for new tokens
INFO - unified_loader - ✅ Model embeddings resized to 151669
INFO - unified_loader - 🔍 SPECIAL TOKEN IDs:
INFO - unified_loader -    <|box_start|>: 151648
INFO - unified_loader -    <|box_end|>: 151649
INFO - unified_loader -    <|square_start|>: 151665
INFO - unified_loader -    <|square_end|>: 151666
INFO - unified_loader -    <|line_start|>: 151667
INFO - unified_loader -    <|line_end|>: 151668
INFO - unified_loader -    <|object_ref_start|>: 151646
INFO - unified_loader -    <|object_ref_end|>: 151647
INFO - unified_loader - 📊 Loading processor from: /data3/Qwen2.5-VL-main/model_cache/Qwen/Qwen2.5-VL-3B-Instruct
INFO - unified_loader - ✅ Processor loaded successfully
INFO - unified_loader - 🔧 Applying training chat template...
INFO - unified_loader - ✅ Training chat template applied
INFO - unified_loader - 🔍 Verifying Qwen2.5-VL patches...
INFO - patches - ✅ mRoPE patch verification successful
INFO - patches - ✅ Safe visual forward patch verification successful
INFO - patches - ✅ All patch verifications successful
INFO - unified_loader - ✅ UNIFIED MODEL LOADING COMPLETE
INFO - unified_loader -    Model type: Base model
INFO - unified_loader -    Tokenizer vocab size: 151669
INFO - unified_loader -    Tokenizer padding side: left
INFO - unified_loader -    Model device: cuda:0
INFO - unified_loader -    Model dtype: torch.bfloat16
INFO - unified_loader - ℹ️ Coordinate tokens disabled - using standard format
INFO - unified_loader - 📐 Adding geometry tokens (coordinate tokens disabled)
INFO - tokens - 🔧 Setting up unified token management...
INFO - tokens - 🔍 Detecting existing tokens...
INFO - tokens -    ✅ Found object_ref_start: <|object_ref_start|> -> ID 151646
INFO - tokens -    ✅ Found object_ref_end: <|object_ref_end|> -> ID 151647
INFO - tokens -    ✅ Found box_start: <|box_start|> -> ID 151648
INFO - tokens -    ✅ Found box_end: <|box_end|> -> ID 151649
INFO - tokens - ➕ Adding new geometry tokens...
INFO - tokens -    ✅ All geometry tokens already exist
INFO - tokens - ➕ Adding coordinate tokens [0, -1]...
INFO - tokens -    ✅ All coordinate tokens already exist
INFO - tokens - ✅ Token setup complete. Added 0 new tokens.
INFO - unified_loader - 📊 GEOMETRY-ONLY VOCABULARY VERIFICATION:
INFO - unified_loader -    Base size: 151665
INFO - unified_loader -    Geometry tokens: 4
INFO - unified_loader -    Expected size: 151669
INFO - unified_loader -    Actual tokenizer size: 151669
INFO - unified_loader -    Actual model size: 151669
INFO - training - 📄 DataProcessor using explicit configuration system
INFO - training - ✅ Chat processor initialized (JSON format only)
INFO - data - Loaded 3 teacher samples from /tmp/bbu_test_data_jp_uhdeh/teacher.jsonl
INFO - data - ✅ TeacherPoolManager initialized:
INFO - data -    Teacher pool file: /tmp/bbu_test_data_jp_uhdeh/teacher.jsonl
INFO - data -    Data root: /tmp/bbu_test_data_jp_uhdeh
INFO - data -    Number of teacher images: 3
INFO - data -    Number of teacher samples: 3
INFO - data - Created teacher pool manager with 3 samples
INFO - training - ✅ Teacher pool manager initialized: /tmp/bbu_test_data_jp_uhdeh/teacher.jsonl
INFO - training - 📊 Creating datasets...
INFO - data - Loaded 4 flat samples from /tmp/bbu_test_data_jp_uhdeh/train.jsonl
INFO - data - Dataset mode: training
INFO - data - Teacher ratio: 0.7
INFO - data - Teacher pool size: 3
INFO - data - Dataset /tmp/bbu_test_data_jp_uhdeh/train.jsonl: teacher ratio set to 0.7, num_teachers=1
INFO - data - Loaded 1 flat samples from /tmp/bbu_test_data_jp_uhdeh/val.jsonl
INFO - data - Dataset mode: evaluation
INFO - data - Teacher ratio: 0.0
INFO - data - Dataset /tmp/bbu_test_data_jp_uhdeh/val.jsonl: teacher ratio set to 0.7, num_teachers=1
INFO - data - Loaded 3 teacher samples from /tmp/bbu_test_data_jp_uhdeh/teacher.jsonl
INFO - data - ✅ TeacherPoolManager initialized:
INFO - data -    Teacher pool file: /tmp/bbu_test_data_jp_uhdeh/teacher.jsonl
INFO - data -    Data root: /tmp/bbu_test_data_jp_uhdeh
INFO - data -    Number of teacher images: 3
INFO - data -    Number of teacher samples: 3
INFO - data - Created teacher pool manager with 3 samples
INFO - training - ✅ Datasets created: Train=4, Eval=1
INFO - training - 🛡️ Datasets returned directly (wrapper temporarily disabled)
INFO - training - 📦 Creating data collator...
INFO - training - ✅ Data collator created: standard
INFO - test_training_components - Standard mode loss: 2.442188
INFO - test_config - ✅ Created coordinate enabled config: /data3/Qwen2.5-VL-main/tests/configs/coordinate_enabled_standard.yaml
INFO - unified_loader - 🔧 UNIFIED MODEL LOADING: /data3/Qwen2.5-VL-main/model_cache/Qwen/Qwen2.5-VL-3B-Instruct
INFO - unified_loader -    Mode: TRAINING
INFO - unified_loader - 📄 Using global configuration system (fallback)
INFO - unified_loader - 🔧 Applying comprehensive Qwen2.5-VL fixes...
INFO - patches - ✅ Official mRoPE fix applied (with batch dimension fix)
INFO - patches - ✅ Safe visual forward patch applied for generation
INFO - patches - 🔇 qwenvl Flash-Attention override skipped – using HF default
INFO - patches - ✅ All Qwen2.5-VL fixes applied successfully
INFO - patches -    - mRoPE: Uses official doubling logic + batch fix
INFO - patches -    - Visual: Safe processing for generation
INFO - patches -    - Dimension handling: Robust edge case management
INFO - patches -    - Batch handling: Fixed mrope_section duplication
INFO - unified_loader - 🎯 Detection wrapper enabled for coordinate tokens: True
INFO - unified_loader - 🎯 Coordinate tokens enabled: True
INFO - unified_loader - ⚡ Attention implementation OVERRIDE: flash_attention_2
INFO - unified_loader - 🔤 Loading tokenizer from: /data3/Qwen2.5-VL-main/model_cache/Qwen/Qwen2.5-VL-3B-Instruct
INFO - unified_loader - [PADDING_SIDE_CHECK] Tokenizer padding side after load: left
INFO - unified_loader - 🎯 Loading DETECTION-ENABLED model via wrapper
INFO - unified_loader - 🔧 Coordinate tokens enabled: True
INFO - unified_loader - ✅ Coordinate token configuration created
INFO - training - 🔧 Model loaded with attention: flash_attention_2
INFO - training - 🔧 Model config attn_implementation: flash_attention_2
INFO - patches - ✅ Official mRoPE fix applied (with batch dimension fix)
INFO - patches - ✅ Safe visual forward patch applied for generation
INFO - patches - 🔇 qwenvl Flash-Attention override skipped – using HF default
INFO - patches - ✅ All Qwen2.5-VL fixes applied successfully
INFO - patches -    - mRoPE: Uses official doubling logic + batch fix
INFO - patches -    - Visual: Safe processing for generation
INFO - patches -    - Dimension handling: Robust edge case management
INFO - patches -    - Batch handling: Fixed mrope_section duplication
INFO - training - 🚀 Setting up coordinate tokens (enabled: True)
INFO - training -    🎯 Initializing coordinate tokens [151665:153713]
INFO - training -    🔓 All embeddings jointly trainable for BBU domain adaptation
INFO - training -    ✅ Created extended embeddings: 153713 tokens
INFO - training -    ✅ Initialized 2048 coordinate tokens with std=0.02
INFO - training -    🎯 Initializing coordinate projections [151665:153713]
INFO - training -    🔓 All projections jointly trainable for BBU domain adaptation
INFO - training -    ✅ Created extended LM head: 153713 tokens
INFO - training -    ✅ Initialized 2048 coordinate projections with std=0.02
INFO - tokens - 🔧 Setting up unified token management...
INFO - tokens - 🔍 Detecting existing tokens...
INFO - tokens -    ✅ Found object_ref_start: <|object_ref_start|> -> ID 151646
INFO - tokens -    ✅ Found object_ref_end: <|object_ref_end|> -> ID 151647
INFO - tokens -    ✅ Found box_start: <|box_start|> -> ID 151648
INFO - tokens -    ✅ Found box_end: <|box_end|> -> ID 151649
INFO - tokens - ➕ Adding new geometry tokens...
INFO - tokens -    ✅ Added 4 geometry tokens: ['<|line_start|>', '<|line_end|>', '<|square_start|>', '<|square_end|>']
INFO - tokens - ➕ Adding coordinate tokens [0, 2047]...
INFO - tokens -    ✅ Added coordinate token batch 1: 1000 tokens
INFO - tokens -    ✅ Added coordinate token batch 2: 1000 tokens
INFO - tokens -    ✅ Added coordinate token batch 3: 48 tokens
INFO - tokens -    ✅ Total coordinate tokens added: 2048
INFO - tokens - 🔧 Resizing model embeddings for 2052 new tokens...
INFO - tokens -    ✅ Embeddings resized: 153713 -> 153717
INFO - tokens - ✅ Token setup complete. Added 2052 new tokens.
INFO - tokens - 🔧 Setting up unified token management...
INFO - tokens - 🔍 Detecting existing tokens...
INFO - tokens -    ✅ Found object_ref_start: <|object_ref_start|> -> ID 151646
INFO - tokens -    ✅ Found object_ref_end: <|object_ref_end|> -> ID 151647
INFO - tokens -    ✅ Found box_start: <|box_start|> -> ID 151648
INFO - tokens -    ✅ Found box_end: <|box_end|> -> ID 151649
INFO - tokens - ➕ Adding new geometry tokens...
INFO - tokens -    ✅ All geometry tokens already exist
INFO - tokens - ➕ Adding coordinate tokens [0, 2047]...
INFO - tokens -    ✅ All coordinate tokens already exist
INFO - tokens - ✅ Token setup complete. Added 0 new tokens.
INFO - training - 🚀 Coordinate token setup complete. Extended vocab: 153713
INFO - training - 🔧 Model on device: cuda:0 (embeddings handled by base model)
INFO - training - 📄 No coordinate extensions found - using standard model
INFO - unified_loader - 🔧 Validating coordinate token vocabulary consistency
INFO - unified_loader - 📊 Model vocab size: 153717
INFO - unified_loader - 📊 Tokenizer vocab size: 153717
INFO - unified_loader - 📊 Extended vocab size: 153713
INFO - unified_loader - ✅ Model has coordinate token extensions - ensuring consistency
INFO - unified_loader - ✅ Set detection_enabled=True for coordinate token model
INFO - unified_loader - ✅ Detection-enabled model loaded successfully
INFO - unified_loader - 🔍 SPECIAL TOKEN IDs:
INFO - unified_loader -    <|box_start|>: 151648
INFO - unified_loader -    <|box_end|>: 151649
INFO - unified_loader -    <|square_start|>: 151667
INFO - unified_loader -    <|square_end|>: 151668
INFO - unified_loader -    <|line_start|>: 151665
INFO - unified_loader -    <|line_end|>: 151666
INFO - unified_loader -    <|object_ref_start|>: 151646
INFO - unified_loader -    <|object_ref_end|>: 151647
INFO - unified_loader - 📊 Loading processor from: /data3/Qwen2.5-VL-main/model_cache/Qwen/Qwen2.5-VL-3B-Instruct
INFO - unified_loader - ✅ Processor loaded successfully
INFO - unified_loader - 🔧 Applying training chat template...
INFO - unified_loader - ✅ Training chat template applied
INFO - unified_loader - 🔍 Verifying Qwen2.5-VL patches...
INFO - patches - ✅ mRoPE patch verification successful
INFO - patches - ✅ Safe visual forward patch verification successful
INFO - patches - ✅ All patch verifications successful
INFO - unified_loader - ✅ UNIFIED MODEL LOADING COMPLETE
INFO - unified_loader -    Model type: Detection-enabled
INFO - unified_loader -    Tokenizer vocab size: 153717
INFO - unified_loader -    Tokenizer padding side: left
INFO - unified_loader -    Model device: cuda:0
INFO - unified_loader -    Model dtype: torch.bfloat16
INFO - unified_loader - 🎯 Initializing Token Managers for vocabulary extension...
INFO - unified_loader - 🔢 Adding 2048 coordinate tokens to vocabulary
INFO - unified_loader - 📐 Adding 4 geometry tokens to vocabulary
INFO - unified_loader - 📊 Vocabulary extension: 151665 + 2052 = 153717
INFO - tokens - 🔧 Setting up unified token management...
INFO - tokens - 🔍 Detecting existing tokens...
INFO - tokens -    ✅ Found object_ref_start: <|object_ref_start|> -> ID 151646
INFO - tokens -    ✅ Found object_ref_end: <|object_ref_end|> -> ID 151647
INFO - tokens -    ✅ Found box_start: <|box_start|> -> ID 151648
INFO - tokens -    ✅ Found box_end: <|box_end|> -> ID 151649
INFO - tokens - ➕ Adding new geometry tokens...
INFO - tokens -    ✅ All geometry tokens already exist
INFO - tokens - ➕ Adding coordinate tokens [0, 2047]...
INFO - tokens -    ✅ All coordinate tokens already exist
INFO - tokens - ✅ Token setup complete. Added 0 new tokens.
INFO - unified_loader - 📊 FINAL VOCABULARY VERIFICATION:
INFO - unified_loader -    Expected size: 153717
INFO - unified_loader -    Tokenizer size: 153717
INFO - unified_loader -    Model embedding size: 153717
INFO - unified_loader - ✅ Final tokenizer size verified: 153717
INFO - unified_loader - ✅ Model-tokenizer size consistency verified: 153717
INFO - unified_loader - ✅ Simple Token Manager initialized successfully!
INFO - training - 📄 DataProcessor using explicit configuration system
INFO - training - 🎯 Updating coordinate token ranges in chat processor...
INFO - chat - 🎯 Initializing coordinate manager with current tokenizer...
INFO - tokens - 🎯 Found coordinate tokens: range [151669, 153717)
INFO - chat - ✅ Coordinate manager initialized successfully
INFO - chat -    max_coord_value: 2048
INFO - chat -    Language: chinese
INFO - chat -    Output format: Coordinate tokens + JSON fallback
INFO - training - ✅ Chat processor initialized with coordinate tokens (geometry + object_ref wrapping)
INFO - data - Loaded 3 teacher samples from /tmp/bbu_test_data_jp_uhdeh/teacher.jsonl
INFO - data - ✅ TeacherPoolManager initialized:
INFO - data -    Teacher pool file: /tmp/bbu_test_data_jp_uhdeh/teacher.jsonl
INFO - data -    Data root: /tmp/bbu_test_data_jp_uhdeh
INFO - data -    Number of teacher images: 3
INFO - data -    Number of teacher samples: 3
INFO - data - Created teacher pool manager with 3 samples
INFO - training - ✅ Teacher pool manager initialized: /tmp/bbu_test_data_jp_uhdeh/teacher.jsonl
INFO - training - 📊 Creating datasets...
INFO - data - Loaded 4 flat samples from /tmp/bbu_test_data_jp_uhdeh/train.jsonl
INFO - data - Dataset mode: training
INFO - data - Teacher ratio: 0.7
INFO - data - Teacher pool size: 3
INFO - data - Dataset /tmp/bbu_test_data_jp_uhdeh/train.jsonl: teacher ratio set to 0.7, num_teachers=1
INFO - data - Loaded 1 flat samples from /tmp/bbu_test_data_jp_uhdeh/val.jsonl
INFO - data - Dataset mode: evaluation
INFO - data - Teacher ratio: 0.0
INFO - data - Dataset /tmp/bbu_test_data_jp_uhdeh/val.jsonl: teacher ratio set to 0.7, num_teachers=1
INFO - data - Loaded 3 teacher samples from /tmp/bbu_test_data_jp_uhdeh/teacher.jsonl
INFO - data - ✅ TeacherPoolManager initialized:
INFO - data -    Teacher pool file: /tmp/bbu_test_data_jp_uhdeh/teacher.jsonl
INFO - data -    Data root: /tmp/bbu_test_data_jp_uhdeh
INFO - data -    Number of teacher images: 3
INFO - data -    Number of teacher samples: 3
INFO - data - Created teacher pool manager with 3 samples
INFO - training - ✅ Datasets created: Train=4, Eval=1
INFO - training - 🛡️ Datasets returned directly (wrapper temporarily disabled)
INFO - training - 📦 Creating data collator...
INFO - training - ✅ Data collator created: standard
INFO - test_training_components - Coordinate mode LLM loss: 5.988288
INFO - test_training_components - ✅ Loss consistency test results:
INFO - test_training_components -    Standard loss: 2.442188
INFO - test_training_components -    Coordinate LLM loss: 5.988288
INFO - test_training_components -    Ratio: 2.4520
INFO - test_training_components - 🧪 Testing Evaluation Mode
INFO - test_config - ✅ Created coordinate enabled config: /data3/Qwen2.5-VL-main/tests/configs/coordinate_enabled_standard.yaml
INFO - unified_loader - 🔧 UNIFIED MODEL LOADING: /data3/Qwen2.5-VL-main/model_cache/Qwen/Qwen2.5-VL-3B-Instruct
INFO - unified_loader -    Mode: TRAINING
INFO - unified_loader - 📄 Using global configuration system (fallback)
INFO - unified_loader - 🔧 Applying comprehensive Qwen2.5-VL fixes...
INFO - patches - ✅ Official mRoPE fix applied (with batch dimension fix)
INFO - patches - ✅ Safe visual forward patch applied for generation
INFO - patches - 🔇 qwenvl Flash-Attention override skipped – using HF default
INFO - patches - ✅ All Qwen2.5-VL fixes applied successfully
INFO - patches -    - mRoPE: Uses official doubling logic + batch fix
INFO - patches -    - Visual: Safe processing for generation
INFO - patches -    - Dimension handling: Robust edge case management
INFO - patches -    - Batch handling: Fixed mrope_section duplication
INFO - unified_loader - 🎯 Detection wrapper enabled for coordinate tokens: True
INFO - unified_loader - 🎯 Coordinate tokens enabled: True
INFO - unified_loader - ⚡ Attention implementation OVERRIDE: flash_attention_2
INFO - unified_loader - 🔤 Loading tokenizer from: /data3/Qwen2.5-VL-main/model_cache/Qwen/Qwen2.5-VL-3B-Instruct
INFO - unified_loader - [PADDING_SIDE_CHECK] Tokenizer padding side after load: left
INFO - unified_loader - 🎯 Loading DETECTION-ENABLED model via wrapper
INFO - unified_loader - 🔧 Coordinate tokens enabled: True
INFO - unified_loader - ✅ Coordinate token configuration created
INFO - training - 🔧 Model loaded with attention: flash_attention_2
INFO - training - 🔧 Model config attn_implementation: flash_attention_2
INFO - patches - ✅ Official mRoPE fix applied (with batch dimension fix)
INFO - patches - ✅ Safe visual forward patch applied for generation
INFO - patches - 🔇 qwenvl Flash-Attention override skipped – using HF default
INFO - patches - ✅ All Qwen2.5-VL fixes applied successfully
INFO - patches -    - mRoPE: Uses official doubling logic + batch fix
INFO - patches -    - Visual: Safe processing for generation
INFO - patches -    - Dimension handling: Robust edge case management
INFO - patches -    - Batch handling: Fixed mrope_section duplication
INFO - training - 🚀 Setting up coordinate tokens (enabled: True)
INFO - training -    🎯 Initializing coordinate tokens [151665:153713]
INFO - training -    🔓 All embeddings jointly trainable for BBU domain adaptation
INFO - training -    ✅ Created extended embeddings: 153713 tokens
INFO - training -    ✅ Initialized 2048 coordinate tokens with std=0.02
INFO - training -    🎯 Initializing coordinate projections [151665:153713]
INFO - training -    🔓 All projections jointly trainable for BBU domain adaptation
INFO - training -    ✅ Created extended LM head: 153713 tokens
INFO - training -    ✅ Initialized 2048 coordinate projections with std=0.02
INFO - tokens - 🔧 Setting up unified token management...
INFO - tokens - 🔍 Detecting existing tokens...
INFO - tokens -    ✅ Found object_ref_start: <|object_ref_start|> -> ID 151646
INFO - tokens -    ✅ Found object_ref_end: <|object_ref_end|> -> ID 151647
INFO - tokens -    ✅ Found box_start: <|box_start|> -> ID 151648
INFO - tokens -    ✅ Found box_end: <|box_end|> -> ID 151649
INFO - tokens - ➕ Adding new geometry tokens...
INFO - tokens -    ✅ Added 4 geometry tokens: ['<|line_start|>', '<|line_end|>', '<|square_start|>', '<|square_end|>']
INFO - tokens - ➕ Adding coordinate tokens [0, 2047]...
INFO - tokens -    ✅ Added coordinate token batch 1: 1000 tokens
INFO - tokens -    ✅ Added coordinate token batch 2: 1000 tokens
INFO - tokens -    ✅ Added coordinate token batch 3: 48 tokens
INFO - tokens -    ✅ Total coordinate tokens added: 2048
INFO - tokens - 🔧 Resizing model embeddings for 2052 new tokens...
INFO - tokens -    ✅ Embeddings resized: 153713 -> 153717
INFO - tokens - ✅ Token setup complete. Added 2052 new tokens.
INFO - tokens - 🔧 Setting up unified token management...
INFO - tokens - 🔍 Detecting existing tokens...
INFO - tokens -    ✅ Found object_ref_start: <|object_ref_start|> -> ID 151646
INFO - tokens -    ✅ Found object_ref_end: <|object_ref_end|> -> ID 151647
INFO - tokens -    ✅ Found box_start: <|box_start|> -> ID 151648
INFO - tokens -    ✅ Found box_end: <|box_end|> -> ID 151649
INFO - tokens - ➕ Adding new geometry tokens...
INFO - tokens -    ✅ All geometry tokens already exist
INFO - tokens - ➕ Adding coordinate tokens [0, 2047]...
INFO - tokens -    ✅ All coordinate tokens already exist
INFO - tokens - ✅ Token setup complete. Added 0 new tokens.
INFO - training - 🚀 Coordinate token setup complete. Extended vocab: 153713
INFO - training - 🔧 Model on device: cuda:0 (embeddings handled by base model)
INFO - training - 📄 No coordinate extensions found - using standard model
INFO - unified_loader - 🔧 Validating coordinate token vocabulary consistency
INFO - unified_loader - 📊 Model vocab size: 153717
INFO - unified_loader - 📊 Tokenizer vocab size: 153717
INFO - unified_loader - 📊 Extended vocab size: 153713
INFO - unified_loader - ✅ Model has coordinate token extensions - ensuring consistency
INFO - unified_loader - ✅ Set detection_enabled=True for coordinate token model
INFO - unified_loader - ✅ Detection-enabled model loaded successfully
INFO - unified_loader - 🔍 SPECIAL TOKEN IDs:
INFO - unified_loader -    <|box_start|>: 151648
INFO - unified_loader -    <|box_end|>: 151649
INFO - unified_loader -    <|square_start|>: 151667
INFO - unified_loader -    <|square_end|>: 151668
INFO - unified_loader -    <|line_start|>: 151665
INFO - unified_loader -    <|line_end|>: 151666
INFO - unified_loader -    <|object_ref_start|>: 151646
INFO - unified_loader -    <|object_ref_end|>: 151647
INFO - unified_loader - 📊 Loading processor from: /data3/Qwen2.5-VL-main/model_cache/Qwen/Qwen2.5-VL-3B-Instruct
INFO - unified_loader - ✅ Processor loaded successfully
INFO - unified_loader - 🔧 Applying training chat template...
INFO - unified_loader - ✅ Training chat template applied
INFO - unified_loader - 🔍 Verifying Qwen2.5-VL patches...
INFO - patches - ✅ mRoPE patch verification successful
INFO - patches - ✅ Safe visual forward patch verification successful
INFO - patches - ✅ All patch verifications successful
INFO - unified_loader - ✅ UNIFIED MODEL LOADING COMPLETE
INFO - unified_loader -    Model type: Detection-enabled
INFO - unified_loader -    Tokenizer vocab size: 153717
INFO - unified_loader -    Tokenizer padding side: left
INFO - unified_loader -    Model device: cuda:0
INFO - unified_loader -    Model dtype: torch.bfloat16
INFO - unified_loader - 🎯 Initializing Token Managers for vocabulary extension...
INFO - unified_loader - 🔢 Adding 2048 coordinate tokens to vocabulary
INFO - unified_loader - 📐 Adding 4 geometry tokens to vocabulary
INFO - unified_loader - 📊 Vocabulary extension: 151665 + 2052 = 153717
INFO - tokens - 🔧 Setting up unified token management...
INFO - tokens - 🔍 Detecting existing tokens...
INFO - tokens -    ✅ Found object_ref_start: <|object_ref_start|> -> ID 151646
INFO - tokens -    ✅ Found object_ref_end: <|object_ref_end|> -> ID 151647
INFO - tokens -    ✅ Found box_start: <|box_start|> -> ID 151648
INFO - tokens -    ✅ Found box_end: <|box_end|> -> ID 151649
INFO - tokens - ➕ Adding new geometry tokens...
INFO - tokens -    ✅ All geometry tokens already exist
INFO - tokens - ➕ Adding coordinate tokens [0, 2047]...
INFO - tokens -    ✅ All coordinate tokens already exist
INFO - tokens - ✅ Token setup complete. Added 0 new tokens.
INFO - unified_loader - 📊 FINAL VOCABULARY VERIFICATION:
INFO - unified_loader -    Expected size: 153717
INFO - unified_loader -    Tokenizer size: 153717
INFO - unified_loader -    Model embedding size: 153717
INFO - unified_loader - ✅ Final tokenizer size verified: 153717
INFO - unified_loader - ✅ Model-tokenizer size consistency verified: 153717
INFO - unified_loader - ✅ Simple Token Manager initialized successfully!
INFO - training - 📄 DataProcessor using explicit configuration system
INFO - training - 🎯 Updating coordinate token ranges in chat processor...
INFO - chat - 🎯 Initializing coordinate manager with current tokenizer...
INFO - tokens - 🎯 Found coordinate tokens: range [151669, 153717)
INFO - chat - ✅ Coordinate manager initialized successfully
INFO - chat -    max_coord_value: 2048
INFO - chat -    Language: chinese
INFO - chat -    Output format: Coordinate tokens + JSON fallback
INFO - training - ✅ Chat processor initialized with coordinate tokens (geometry + object_ref wrapping)
INFO - data - Loaded 3 teacher samples from /tmp/bbu_test_data_jp_uhdeh/teacher.jsonl
INFO - data - ✅ TeacherPoolManager initialized:
INFO - data -    Teacher pool file: /tmp/bbu_test_data_jp_uhdeh/teacher.jsonl
INFO - data -    Data root: /tmp/bbu_test_data_jp_uhdeh
INFO - data -    Number of teacher images: 3
INFO - data -    Number of teacher samples: 3
INFO - data - Created teacher pool manager with 3 samples
INFO - training - ✅ Teacher pool manager initialized: /tmp/bbu_test_data_jp_uhdeh/teacher.jsonl
INFO - training - 📊 Creating datasets...
INFO - data - Loaded 4 flat samples from /tmp/bbu_test_data_jp_uhdeh/train.jsonl
INFO - data - Dataset mode: training
INFO - data - Teacher ratio: 0.7
INFO - data - Teacher pool size: 3
INFO - data - Dataset /tmp/bbu_test_data_jp_uhdeh/train.jsonl: teacher ratio set to 0.7, num_teachers=1
INFO - data - Loaded 1 flat samples from /tmp/bbu_test_data_jp_uhdeh/val.jsonl
INFO - data - Dataset mode: evaluation
INFO - data - Teacher ratio: 0.0
INFO - data - Dataset /tmp/bbu_test_data_jp_uhdeh/val.jsonl: teacher ratio set to 0.7, num_teachers=1
INFO - data - Loaded 3 teacher samples from /tmp/bbu_test_data_jp_uhdeh/teacher.jsonl
INFO - data - ✅ TeacherPoolManager initialized:
INFO - data -    Teacher pool file: /tmp/bbu_test_data_jp_uhdeh/teacher.jsonl
INFO - data -    Data root: /tmp/bbu_test_data_jp_uhdeh
INFO - data -    Number of teacher images: 3
INFO - data -    Number of teacher samples: 3
INFO - data - Created teacher pool manager with 3 samples
INFO - training - ✅ Datasets created: Train=4, Eval=1
INFO - training - 🛡️ Datasets returned directly (wrapper temporarily disabled)
INFO - training - 📦 Creating data collator...
INFO - training - ✅ Data collator created: standard
INFO - test_training_components - ✅ Evaluation mode test passed - Eval loss: 8.3084
INFO - test_utils - ⏱️ Evaluation forward pass took 0.04 seconds
INFO - test_training_components - 🧪 Testing Forward Pass - Coordinate Mode
INFO - test_config - ✅ Created coordinate enabled config: /data3/Qwen2.5-VL-main/tests/configs/coordinate_enabled_standard.yaml
INFO - unified_loader - 🔧 UNIFIED MODEL LOADING: /data3/Qwen2.5-VL-main/model_cache/Qwen/Qwen2.5-VL-3B-Instruct
INFO - unified_loader -    Mode: TRAINING
INFO - unified_loader - 📄 Using global configuration system (fallback)
INFO - unified_loader - 🔧 Applying comprehensive Qwen2.5-VL fixes...
INFO - patches - ✅ Official mRoPE fix applied (with batch dimension fix)
INFO - patches - ✅ Safe visual forward patch applied for generation
INFO - patches - 🔇 qwenvl Flash-Attention override skipped – using HF default
INFO - patches - ✅ All Qwen2.5-VL fixes applied successfully
INFO - patches -    - mRoPE: Uses official doubling logic + batch fix
INFO - patches -    - Visual: Safe processing for generation
INFO - patches -    - Dimension handling: Robust edge case management
INFO - patches -    - Batch handling: Fixed mrope_section duplication
INFO - unified_loader - 🎯 Detection wrapper enabled for coordinate tokens: True
INFO - unified_loader - 🎯 Coordinate tokens enabled: True
INFO - unified_loader - ⚡ Attention implementation OVERRIDE: flash_attention_2
INFO - unified_loader - 🔤 Loading tokenizer from: /data3/Qwen2.5-VL-main/model_cache/Qwen/Qwen2.5-VL-3B-Instruct
INFO - unified_loader - [PADDING_SIDE_CHECK] Tokenizer padding side after load: left
INFO - unified_loader - 🎯 Loading DETECTION-ENABLED model via wrapper
INFO - unified_loader - 🔧 Coordinate tokens enabled: True
INFO - unified_loader - ✅ Coordinate token configuration created
INFO - training - 🔧 Model loaded with attention: flash_attention_2
INFO - training - 🔧 Model config attn_implementation: flash_attention_2
INFO - patches - ✅ Official mRoPE fix applied (with batch dimension fix)
INFO - patches - ✅ Safe visual forward patch applied for generation
INFO - patches - 🔇 qwenvl Flash-Attention override skipped – using HF default
INFO - patches - ✅ All Qwen2.5-VL fixes applied successfully
INFO - patches -    - mRoPE: Uses official doubling logic + batch fix
INFO - patches -    - Visual: Safe processing for generation
INFO - patches -    - Dimension handling: Robust edge case management
INFO - patches -    - Batch handling: Fixed mrope_section duplication
INFO - training - 🚀 Setting up coordinate tokens (enabled: True)
INFO - training -    🎯 Initializing coordinate tokens [151665:153713]
INFO - training -    🔓 All embeddings jointly trainable for BBU domain adaptation
INFO - training -    ✅ Created extended embeddings: 153713 tokens
INFO - training -    ✅ Initialized 2048 coordinate tokens with std=0.02
INFO - training -    🎯 Initializing coordinate projections [151665:153713]
INFO - training -    🔓 All projections jointly trainable for BBU domain adaptation
INFO - training -    ✅ Created extended LM head: 153713 tokens
INFO - training -    ✅ Initialized 2048 coordinate projections with std=0.02
INFO - tokens - 🔧 Setting up unified token management...
INFO - tokens - 🔍 Detecting existing tokens...
INFO - tokens -    ✅ Found object_ref_start: <|object_ref_start|> -> ID 151646
INFO - tokens -    ✅ Found object_ref_end: <|object_ref_end|> -> ID 151647
INFO - tokens -    ✅ Found box_start: <|box_start|> -> ID 151648
INFO - tokens -    ✅ Found box_end: <|box_end|> -> ID 151649
INFO - tokens - ➕ Adding new geometry tokens...
INFO - tokens -    ✅ Added 4 geometry tokens: ['<|line_start|>', '<|line_end|>', '<|square_start|>', '<|square_end|>']
INFO - tokens - ➕ Adding coordinate tokens [0, 2047]...
INFO - tokens -    ✅ Added coordinate token batch 1: 1000 tokens
INFO - tokens -    ✅ Added coordinate token batch 2: 1000 tokens
INFO - tokens -    ✅ Added coordinate token batch 3: 48 tokens
INFO - tokens -    ✅ Total coordinate tokens added: 2048
INFO - tokens - 🔧 Resizing model embeddings for 2052 new tokens...
INFO - tokens -    ✅ Embeddings resized: 153713 -> 153717
INFO - tokens - ✅ Token setup complete. Added 2052 new tokens.
INFO - tokens - 🔧 Setting up unified token management...
INFO - tokens - 🔍 Detecting existing tokens...
INFO - tokens -    ✅ Found object_ref_start: <|object_ref_start|> -> ID 151646
INFO - tokens -    ✅ Found object_ref_end: <|object_ref_end|> -> ID 151647
INFO - tokens -    ✅ Found box_start: <|box_start|> -> ID 151648
INFO - tokens -    ✅ Found box_end: <|box_end|> -> ID 151649
INFO - tokens - ➕ Adding new geometry tokens...
INFO - tokens -    ✅ All geometry tokens already exist
INFO - tokens - ➕ Adding coordinate tokens [0, 2047]...
INFO - tokens -    ✅ All coordinate tokens already exist
INFO - tokens - ✅ Token setup complete. Added 0 new tokens.
INFO - training - 🚀 Coordinate token setup complete. Extended vocab: 153713
INFO - training - 🔧 Model on device: cuda:0 (embeddings handled by base model)
INFO - training - 📄 No coordinate extensions found - using standard model
INFO - unified_loader - 🔧 Validating coordinate token vocabulary consistency
INFO - unified_loader - 📊 Model vocab size: 153717
INFO - unified_loader - 📊 Tokenizer vocab size: 153717
INFO - unified_loader - 📊 Extended vocab size: 153713
INFO - unified_loader - ✅ Model has coordinate token extensions - ensuring consistency
INFO - unified_loader - ✅ Set detection_enabled=True for coordinate token model
INFO - unified_loader - ✅ Detection-enabled model loaded successfully
INFO - unified_loader - 🔍 SPECIAL TOKEN IDs:
INFO - unified_loader -    <|box_start|>: 151648
INFO - unified_loader -    <|box_end|>: 151649
INFO - unified_loader -    <|square_start|>: 151667
INFO - unified_loader -    <|square_end|>: 151668
INFO - unified_loader -    <|line_start|>: 151665
INFO - unified_loader -    <|line_end|>: 151666
INFO - unified_loader -    <|object_ref_start|>: 151646
INFO - unified_loader -    <|object_ref_end|>: 151647
INFO - unified_loader - 📊 Loading processor from: /data3/Qwen2.5-VL-main/model_cache/Qwen/Qwen2.5-VL-3B-Instruct
INFO - unified_loader - ✅ Processor loaded successfully
INFO - unified_loader - 🔧 Applying training chat template...
INFO - unified_loader - ✅ Training chat template applied
INFO - unified_loader - 🔍 Verifying Qwen2.5-VL patches...
INFO - patches - ✅ mRoPE patch verification successful
INFO - patches - ✅ Safe visual forward patch verification successful
INFO - patches - ✅ All patch verifications successful
INFO - unified_loader - ✅ UNIFIED MODEL LOADING COMPLETE
INFO - unified_loader -    Model type: Detection-enabled
INFO - unified_loader -    Tokenizer vocab size: 153717
INFO - unified_loader -    Tokenizer padding side: left
INFO - unified_loader -    Model device: cuda:0
INFO - unified_loader -    Model dtype: torch.bfloat16
INFO - unified_loader - 🎯 Initializing Token Managers for vocabulary extension...
INFO - unified_loader - 🔢 Adding 2048 coordinate tokens to vocabulary
INFO - unified_loader - 📐 Adding 4 geometry tokens to vocabulary
INFO - unified_loader - 📊 Vocabulary extension: 151665 + 2052 = 153717
INFO - tokens - 🔧 Setting up unified token management...
INFO - tokens - 🔍 Detecting existing tokens...
INFO - tokens -    ✅ Found object_ref_start: <|object_ref_start|> -> ID 151646
INFO - tokens -    ✅ Found object_ref_end: <|object_ref_end|> -> ID 151647
INFO - tokens -    ✅ Found box_start: <|box_start|> -> ID 151648
INFO - tokens -    ✅ Found box_end: <|box_end|> -> ID 151649
INFO - tokens - ➕ Adding new geometry tokens...
INFO - tokens -    ✅ All geometry tokens already exist
INFO - tokens - ➕ Adding coordinate tokens [0, 2047]...
INFO - tokens -    ✅ All coordinate tokens already exist
INFO - tokens - ✅ Token setup complete. Added 0 new tokens.
INFO - unified_loader - 📊 FINAL VOCABULARY VERIFICATION:
INFO - unified_loader -    Expected size: 153717
INFO - unified_loader -    Tokenizer size: 153717
INFO - unified_loader -    Model embedding size: 153717
INFO - unified_loader - ✅ Final tokenizer size verified: 153717
INFO - unified_loader - ✅ Model-tokenizer size consistency verified: 153717
INFO - unified_loader - ✅ Simple Token Manager initialized successfully!
INFO - training - 📄 DataProcessor using explicit configuration system
INFO - training - 🎯 Updating coordinate token ranges in chat processor...
INFO - chat - 🎯 Initializing coordinate manager with current tokenizer...
INFO - tokens - 🎯 Found coordinate tokens: range [151669, 153717)
INFO - chat - ✅ Coordinate manager initialized successfully
INFO - chat -    max_coord_value: 2048
INFO - chat -    Language: chinese
INFO - chat -    Output format: Coordinate tokens + JSON fallback
INFO - training - ✅ Chat processor initialized with coordinate tokens (geometry + object_ref wrapping)
INFO - data - Loaded 3 teacher samples from /tmp/bbu_test_data_jp_uhdeh/teacher.jsonl
INFO - data - ✅ TeacherPoolManager initialized:
INFO - data -    Teacher pool file: /tmp/bbu_test_data_jp_uhdeh/teacher.jsonl
INFO - data -    Data root: /tmp/bbu_test_data_jp_uhdeh
INFO - data -    Number of teacher images: 3
INFO - data -    Number of teacher samples: 3
INFO - data - Created teacher pool manager with 3 samples
INFO - training - ✅ Teacher pool manager initialized: /tmp/bbu_test_data_jp_uhdeh/teacher.jsonl
INFO - training - 📊 Creating datasets...
INFO - data - Loaded 4 flat samples from /tmp/bbu_test_data_jp_uhdeh/train.jsonl
INFO - data - Dataset mode: training
INFO - data - Teacher ratio: 0.7
INFO - data - Teacher pool size: 3
INFO - data - Dataset /tmp/bbu_test_data_jp_uhdeh/train.jsonl: teacher ratio set to 0.7, num_teachers=1
INFO - data - Loaded 1 flat samples from /tmp/bbu_test_data_jp_uhdeh/val.jsonl
INFO - data - Dataset mode: evaluation
INFO - data - Teacher ratio: 0.0
INFO - data - Dataset /tmp/bbu_test_data_jp_uhdeh/val.jsonl: teacher ratio set to 0.7, num_teachers=1
INFO - data - Loaded 3 teacher samples from /tmp/bbu_test_data_jp_uhdeh/teacher.jsonl
INFO - data - ✅ TeacherPoolManager initialized:
INFO - data -    Teacher pool file: /tmp/bbu_test_data_jp_uhdeh/teacher.jsonl
INFO - data -    Data root: /tmp/bbu_test_data_jp_uhdeh
INFO - data -    Number of teacher images: 3
INFO - data -    Number of teacher samples: 3
INFO - data - Created teacher pool manager with 3 samples
INFO - training - ✅ Datasets created: Train=4, Eval=1
INFO - training - 🛡️ Datasets returned directly (wrapper temporarily disabled)
INFO - training - 📦 Creating data collator...
INFO - training - ✅ Data collator created: standard
INFO - test_utils - ⏱️ Model and data setup took 2.77 seconds
INFO - test_training_components - ✅ Coordinate forward pass test passed - Loss: 5.0929
INFO - test_utils - 🧠 Coordinate forward pass memory usage:
INFO - test_utils -    Initial: 7294.2 MB
INFO - test_utils -    Final: 15849.9 MB
INFO - test_utils -    Peak: 16674.0 MB
INFO - test_utils -    Delta: 8555.7 MB
INFO - test_utils - ⏱️ Coordinate forward pass took 0.33 seconds
INFO - test_training_components - 🧪 Testing Forward Pass - Standard Mode
INFO - test_config - ✅ Created coordinate disabled config: /data3/Qwen2.5-VL-main/tests/configs/coordinate_disabled_standard.yaml
INFO - unified_loader - 🔧 UNIFIED MODEL LOADING: /data3/Qwen2.5-VL-main/model_cache/Qwen/Qwen2.5-VL-3B-Instruct
INFO - unified_loader -    Mode: TRAINING
INFO - unified_loader - 📄 Using global configuration system (fallback)
INFO - unified_loader - 🔧 Applying comprehensive Qwen2.5-VL fixes...
INFO - patches - ✅ Official mRoPE fix applied (with batch dimension fix)
INFO - patches - ✅ Safe visual forward patch applied for generation
INFO - patches - 🔇 qwenvl Flash-Attention override skipped – using HF default
INFO - patches - ✅ All Qwen2.5-VL fixes applied successfully
INFO - patches -    - mRoPE: Uses official doubling logic + batch fix
INFO - patches -    - Visual: Safe processing for generation
INFO - patches -    - Dimension handling: Robust edge case management
INFO - patches -    - Batch handling: Fixed mrope_section duplication
INFO - unified_loader - 🎯 Detection wrapper enabled for coordinate tokens: False
INFO - unified_loader - 🎯 Coordinate tokens enabled: False
INFO - unified_loader - ⚡ Attention implementation OVERRIDE: flash_attention_2
INFO - unified_loader - 🔤 Loading tokenizer from: /data3/Qwen2.5-VL-main/model_cache/Qwen/Qwen2.5-VL-3B-Instruct
INFO - unified_loader - [PADDING_SIDE_CHECK] Tokenizer padding side after load: left
INFO - unified_loader - 📄 Loading BASE model (no detection)
INFO - unified_loader - ✅ Base model loaded successfully
INFO - unified_loader - 🎯 Adding 4 special tokens: ['<|square_start|>', '<|square_end|>', '<|line_start|>', '<|line_end|>']
INFO - unified_loader - ✅ Added 4 special tokens to tokenizer
INFO - unified_loader - 🎯 Resizing model embeddings for new tokens
INFO - unified_loader - ✅ Model embeddings resized to 151669
INFO - unified_loader - 🔍 SPECIAL TOKEN IDs:
INFO - unified_loader -    <|box_start|>: 151648
INFO - unified_loader -    <|box_end|>: 151649
INFO - unified_loader -    <|square_start|>: 151665
INFO - unified_loader -    <|square_end|>: 151666
INFO - unified_loader -    <|line_start|>: 151667
INFO - unified_loader -    <|line_end|>: 151668
INFO - unified_loader -    <|object_ref_start|>: 151646
INFO - unified_loader -    <|object_ref_end|>: 151647
INFO - unified_loader - 📊 Loading processor from: /data3/Qwen2.5-VL-main/model_cache/Qwen/Qwen2.5-VL-3B-Instruct
INFO - unified_loader - ✅ Processor loaded successfully
INFO - unified_loader - 🔧 Applying training chat template...
INFO - unified_loader - ✅ Training chat template applied
INFO - unified_loader - 🔍 Verifying Qwen2.5-VL patches...
INFO - patches - ✅ mRoPE patch verification successful
INFO - patches - ✅ Safe visual forward patch verification successful
INFO - patches - ✅ All patch verifications successful
INFO - unified_loader - ✅ UNIFIED MODEL LOADING COMPLETE
INFO - unified_loader -    Model type: Base model
INFO - unified_loader -    Tokenizer vocab size: 151669
INFO - unified_loader -    Tokenizer padding side: left
INFO - unified_loader -    Model device: cuda:0
INFO - unified_loader -    Model dtype: torch.bfloat16
INFO - unified_loader - ℹ️ Coordinate tokens disabled - using standard format
INFO - unified_loader - 📐 Adding geometry tokens (coordinate tokens disabled)
INFO - tokens - 🔧 Setting up unified token management...
INFO - tokens - 🔍 Detecting existing tokens...
INFO - tokens -    ✅ Found object_ref_start: <|object_ref_start|> -> ID 151646
INFO - tokens -    ✅ Found object_ref_end: <|object_ref_end|> -> ID 151647
INFO - tokens -    ✅ Found box_start: <|box_start|> -> ID 151648
INFO - tokens -    ✅ Found box_end: <|box_end|> -> ID 151649
INFO - tokens - ➕ Adding new geometry tokens...
INFO - tokens -    ✅ All geometry tokens already exist
INFO - tokens - ➕ Adding coordinate tokens [0, -1]...
INFO - tokens -    ✅ All coordinate tokens already exist
INFO - tokens - ✅ Token setup complete. Added 0 new tokens.
INFO - unified_loader - 📊 GEOMETRY-ONLY VOCABULARY VERIFICATION:
INFO - unified_loader -    Base size: 151665
INFO - unified_loader -    Geometry tokens: 4
INFO - unified_loader -    Expected size: 151669
INFO - unified_loader -    Actual tokenizer size: 151669
INFO - unified_loader -    Actual model size: 151669
INFO - training - 📄 DataProcessor using explicit configuration system
INFO - training - ✅ Chat processor initialized (JSON format only)
INFO - data - Loaded 3 teacher samples from /tmp/bbu_test_data_jp_uhdeh/teacher.jsonl
INFO - data - ✅ TeacherPoolManager initialized:
INFO - data -    Teacher pool file: /tmp/bbu_test_data_jp_uhdeh/teacher.jsonl
INFO - data -    Data root: /tmp/bbu_test_data_jp_uhdeh
INFO - data -    Number of teacher images: 3
INFO - data -    Number of teacher samples: 3
INFO - data - Created teacher pool manager with 3 samples
INFO - training - ✅ Teacher pool manager initialized: /tmp/bbu_test_data_jp_uhdeh/teacher.jsonl
INFO - training - 📊 Creating datasets...
INFO - data - Loaded 4 flat samples from /tmp/bbu_test_data_jp_uhdeh/train.jsonl
INFO - data - Dataset mode: training
INFO - data - Teacher ratio: 0.7
INFO - data - Teacher pool size: 3
INFO - data - Dataset /tmp/bbu_test_data_jp_uhdeh/train.jsonl: teacher ratio set to 0.7, num_teachers=1
INFO - data - Loaded 1 flat samples from /tmp/bbu_test_data_jp_uhdeh/val.jsonl
INFO - data - Dataset mode: evaluation
INFO - data - Teacher ratio: 0.0
INFO - data - Dataset /tmp/bbu_test_data_jp_uhdeh/val.jsonl: teacher ratio set to 0.7, num_teachers=1
INFO - data - Loaded 3 teacher samples from /tmp/bbu_test_data_jp_uhdeh/teacher.jsonl
INFO - data - ✅ TeacherPoolManager initialized:
INFO - data -    Teacher pool file: /tmp/bbu_test_data_jp_uhdeh/teacher.jsonl
INFO - data -    Data root: /tmp/bbu_test_data_jp_uhdeh
INFO - data -    Number of teacher images: 3
INFO - data -    Number of teacher samples: 3
INFO - data - Created teacher pool manager with 3 samples
INFO - training - ✅ Datasets created: Train=4, Eval=1
INFO - training - 🛡️ Datasets returned directly (wrapper temporarily disabled)
INFO - training - 📦 Creating data collator...
INFO - training - ✅ Data collator created: standard
INFO - test_utils - ⏱️ Model and data setup took 2.83 seconds
INFO - test_training_components - ✅ Standard forward pass test passed - Loss: 2.4422
INFO - test_utils - 🧠 Forward pass memory usage:
INFO - test_utils -    Initial: 471.5 MB
INFO - test_utils -    Final: 1314.4 MB
INFO - test_utils -    Peak: 1314.4 MB
INFO - test_utils -    Delta: 842.9 MB
INFO - test_utils - ⏱️ Forward pass took 0.34 seconds
INFO - test_training_components - 🧪 Testing LossManager No Fallback
INFO - test_config - ✅ Created coordinate enabled config: /data3/Qwen2.5-VL-main/tests/configs/coordinate_enabled_standard.yaml
INFO - unified_loader - 🔧 UNIFIED MODEL LOADING: /data3/Qwen2.5-VL-main/model_cache/Qwen/Qwen2.5-VL-3B-Instruct
INFO - unified_loader -    Mode: TRAINING
INFO - unified_loader - 📄 Using global configuration system (fallback)
INFO - unified_loader - 🔧 Applying comprehensive Qwen2.5-VL fixes...
INFO - patches - ✅ Official mRoPE fix applied (with batch dimension fix)
INFO - patches - ✅ Safe visual forward patch applied for generation
INFO - patches - 🔇 qwenvl Flash-Attention override skipped – using HF default
INFO - patches - ✅ All Qwen2.5-VL fixes applied successfully
INFO - patches -    - mRoPE: Uses official doubling logic + batch fix
INFO - patches -    - Visual: Safe processing for generation
INFO - patches -    - Dimension handling: Robust edge case management
INFO - patches -    - Batch handling: Fixed mrope_section duplication
INFO - unified_loader - 🎯 Detection wrapper enabled for coordinate tokens: True
INFO - unified_loader - 🎯 Coordinate tokens enabled: True
INFO - unified_loader - ⚡ Attention implementation OVERRIDE: flash_attention_2
INFO - unified_loader - 🔤 Loading tokenizer from: /data3/Qwen2.5-VL-main/model_cache/Qwen/Qwen2.5-VL-3B-Instruct
INFO - unified_loader - [PADDING_SIDE_CHECK] Tokenizer padding side after load: left
INFO - unified_loader - 🎯 Loading DETECTION-ENABLED model via wrapper
INFO - unified_loader - 🔧 Coordinate tokens enabled: True
INFO - unified_loader - ✅ Coordinate token configuration created
INFO - training - 🔧 Model loaded with attention: flash_attention_2
INFO - training - 🔧 Model config attn_implementation: flash_attention_2
INFO - patches - ✅ Official mRoPE fix applied (with batch dimension fix)
INFO - patches - ✅ Safe visual forward patch applied for generation
INFO - patches - 🔇 qwenvl Flash-Attention override skipped – using HF default
INFO - patches - ✅ All Qwen2.5-VL fixes applied successfully
INFO - patches -    - mRoPE: Uses official doubling logic + batch fix
INFO - patches -    - Visual: Safe processing for generation
INFO - patches -    - Dimension handling: Robust edge case management
INFO - patches -    - Batch handling: Fixed mrope_section duplication
INFO - training - 🚀 Setting up coordinate tokens (enabled: True)
INFO - training -    🎯 Initializing coordinate tokens [151665:153713]
INFO - training -    🔓 All embeddings jointly trainable for BBU domain adaptation
INFO - training -    ✅ Created extended embeddings: 153713 tokens
INFO - training -    ✅ Initialized 2048 coordinate tokens with std=0.02
INFO - training -    🎯 Initializing coordinate projections [151665:153713]
INFO - training -    🔓 All projections jointly trainable for BBU domain adaptation
INFO - training -    ✅ Created extended LM head: 153713 tokens
INFO - training -    ✅ Initialized 2048 coordinate projections with std=0.02
INFO - tokens - 🔧 Setting up unified token management...
INFO - tokens - 🔍 Detecting existing tokens...
INFO - tokens -    ✅ Found object_ref_start: <|object_ref_start|> -> ID 151646
INFO - tokens -    ✅ Found object_ref_end: <|object_ref_end|> -> ID 151647
INFO - tokens -    ✅ Found box_start: <|box_start|> -> ID 151648
INFO - tokens -    ✅ Found box_end: <|box_end|> -> ID 151649
INFO - tokens - ➕ Adding new geometry tokens...
INFO - tokens -    ✅ Added 4 geometry tokens: ['<|line_start|>', '<|line_end|>', '<|square_start|>', '<|square_end|>']
INFO - tokens - ➕ Adding coordinate tokens [0, 2047]...
INFO - tokens -    ✅ Added coordinate token batch 1: 1000 tokens
INFO - tokens -    ✅ Added coordinate token batch 2: 1000 tokens
INFO - tokens -    ✅ Added coordinate token batch 3: 48 tokens
INFO - tokens -    ✅ Total coordinate tokens added: 2048
INFO - tokens - 🔧 Resizing model embeddings for 2052 new tokens...
INFO - tokens -    ✅ Embeddings resized: 153713 -> 153717
INFO - tokens - ✅ Token setup complete. Added 2052 new tokens.
INFO - tokens - 🔧 Setting up unified token management...
INFO - tokens - 🔍 Detecting existing tokens...
INFO - tokens -    ✅ Found object_ref_start: <|object_ref_start|> -> ID 151646
INFO - tokens -    ✅ Found object_ref_end: <|object_ref_end|> -> ID 151647
INFO - tokens -    ✅ Found box_start: <|box_start|> -> ID 151648
INFO - tokens -    ✅ Found box_end: <|box_end|> -> ID 151649
INFO - tokens - ➕ Adding new geometry tokens...
INFO - tokens -    ✅ All geometry tokens already exist
INFO - tokens - ➕ Adding coordinate tokens [0, 2047]...
INFO - tokens -    ✅ All coordinate tokens already exist
INFO - tokens - ✅ Token setup complete. Added 0 new tokens.
INFO - training - 🚀 Coordinate token setup complete. Extended vocab: 153713
INFO - training - 🔧 Model on device: cuda:0 (embeddings handled by base model)
INFO - training - 📄 No coordinate extensions found - using standard model
INFO - unified_loader - 🔧 Validating coordinate token vocabulary consistency
INFO - unified_loader - 📊 Model vocab size: 153717
INFO - unified_loader - 📊 Tokenizer vocab size: 153717
INFO - unified_loader - 📊 Extended vocab size: 153713
INFO - unified_loader - ✅ Model has coordinate token extensions - ensuring consistency
INFO - unified_loader - ✅ Set detection_enabled=True for coordinate token model
INFO - unified_loader - ✅ Detection-enabled model loaded successfully
INFO - unified_loader - 🔍 SPECIAL TOKEN IDs:
INFO - unified_loader -    <|box_start|>: 151648
INFO - unified_loader -    <|box_end|>: 151649
INFO - unified_loader -    <|square_start|>: 151667
INFO - unified_loader -    <|square_end|>: 151668
INFO - unified_loader -    <|line_start|>: 151665
INFO - unified_loader -    <|line_end|>: 151666
INFO - unified_loader -    <|object_ref_start|>: 151646
INFO - unified_loader -    <|object_ref_end|>: 151647
INFO - unified_loader - 📊 Loading processor from: /data3/Qwen2.5-VL-main/model_cache/Qwen/Qwen2.5-VL-3B-Instruct
INFO - unified_loader - ✅ Processor loaded successfully
INFO - unified_loader - 🔧 Applying training chat template...
INFO - unified_loader - ✅ Training chat template applied
INFO - unified_loader - 🔍 Verifying Qwen2.5-VL patches...
INFO - patches - ✅ mRoPE patch verification successful
INFO - patches - ✅ Safe visual forward patch verification successful
INFO - patches - ✅ All patch verifications successful
INFO - unified_loader - ✅ UNIFIED MODEL LOADING COMPLETE
INFO - unified_loader -    Model type: Detection-enabled
INFO - unified_loader -    Tokenizer vocab size: 153717
INFO - unified_loader -    Tokenizer padding side: left
INFO - unified_loader -    Model device: cuda:0
INFO - unified_loader -    Model dtype: torch.bfloat16
INFO - unified_loader - 🎯 Initializing Token Managers for vocabulary extension...
INFO - unified_loader - 🔢 Adding 2048 coordinate tokens to vocabulary
INFO - unified_loader - 📐 Adding 4 geometry tokens to vocabulary
INFO - unified_loader - 📊 Vocabulary extension: 151665 + 2052 = 153717
INFO - tokens - 🔧 Setting up unified token management...
INFO - tokens - 🔍 Detecting existing tokens...
INFO - tokens -    ✅ Found object_ref_start: <|object_ref_start|> -> ID 151646
INFO - tokens -    ✅ Found object_ref_end: <|object_ref_end|> -> ID 151647
INFO - tokens -    ✅ Found box_start: <|box_start|> -> ID 151648
INFO - tokens -    ✅ Found box_end: <|box_end|> -> ID 151649
INFO - tokens - ➕ Adding new geometry tokens...
INFO - tokens -    ✅ All geometry tokens already exist
INFO - tokens - ➕ Adding coordinate tokens [0, 2047]...
INFO - tokens -    ✅ All coordinate tokens already exist
INFO - tokens - ✅ Token setup complete. Added 0 new tokens.
INFO - unified_loader - 📊 FINAL VOCABULARY VERIFICATION:
INFO - unified_loader -    Expected size: 153717
INFO - unified_loader -    Tokenizer size: 153717
INFO - unified_loader -    Model embedding size: 153717
INFO - unified_loader - ✅ Final tokenizer size verified: 153717
INFO - unified_loader - ✅ Model-tokenizer size consistency verified: 153717
INFO - unified_loader - ✅ Simple Token Manager initialized successfully!
INFO - training - 📄 DataProcessor using explicit configuration system
INFO - training - 🎯 Updating coordinate token ranges in chat processor...
INFO - chat - 🎯 Initializing coordinate manager with current tokenizer...
INFO - tokens - 🎯 Found coordinate tokens: range [151669, 153717)
INFO - chat - ✅ Coordinate manager initialized successfully
INFO - chat -    max_coord_value: 2048
INFO - chat -    Language: chinese
INFO - chat -    Output format: Coordinate tokens + JSON fallback
INFO - training - ✅ Chat processor initialized with coordinate tokens (geometry + object_ref wrapping)
INFO - data - Loaded 3 teacher samples from /tmp/bbu_test_data_jp_uhdeh/teacher.jsonl
INFO - data - ✅ TeacherPoolManager initialized:
INFO - data -    Teacher pool file: /tmp/bbu_test_data_jp_uhdeh/teacher.jsonl
INFO - data -    Data root: /tmp/bbu_test_data_jp_uhdeh
INFO - data -    Number of teacher images: 3
INFO - data -    Number of teacher samples: 3
INFO - data - Created teacher pool manager with 3 samples
INFO - training - ✅ Teacher pool manager initialized: /tmp/bbu_test_data_jp_uhdeh/teacher.jsonl
INFO - training - 📊 Creating datasets...
INFO - data - Loaded 4 flat samples from /tmp/bbu_test_data_jp_uhdeh/train.jsonl
INFO - data - Dataset mode: training
INFO - data - Teacher ratio: 0.7
INFO - data - Teacher pool size: 3
INFO - data - Dataset /tmp/bbu_test_data_jp_uhdeh/train.jsonl: teacher ratio set to 0.7, num_teachers=1
INFO - data - Loaded 1 flat samples from /tmp/bbu_test_data_jp_uhdeh/val.jsonl
INFO - data - Dataset mode: evaluation
INFO - data - Teacher ratio: 0.0
INFO - data - Dataset /tmp/bbu_test_data_jp_uhdeh/val.jsonl: teacher ratio set to 0.7, num_teachers=1
INFO - data - Loaded 3 teacher samples from /tmp/bbu_test_data_jp_uhdeh/teacher.jsonl
INFO - data - ✅ TeacherPoolManager initialized:
INFO - data -    Teacher pool file: /tmp/bbu_test_data_jp_uhdeh/teacher.jsonl
INFO - data -    Data root: /tmp/bbu_test_data_jp_uhdeh
INFO - data -    Number of teacher images: 3
INFO - data -    Number of teacher samples: 3
INFO - data - Created teacher pool manager with 3 samples
INFO - training - ✅ Datasets created: Train=4, Eval=1
INFO - training - 🛡️ Datasets returned directly (wrapper temporarily disabled)
INFO - training - 📦 Creating data collator...
INFO - training - ✅ Data collator created: standard
INFO - test_training_components - ✅ LossManager no fallback test passed:
INFO - test_training_components -    Model built-in loss: 5.886507
INFO - test_training_components -    LossManager total loss: 5.886507
INFO - test_training_components -    LLM loss component: 5.886507
INFO - test_training_components - 🧪 Testing Model Built-in Cross Entropy Usage
INFO - test_config - ✅ Created coordinate disabled config: /data3/Qwen2.5-VL-main/tests/configs/coordinate_disabled_standard.yaml
INFO - unified_loader - 🔧 UNIFIED MODEL LOADING: /data3/Qwen2.5-VL-main/model_cache/Qwen/Qwen2.5-VL-3B-Instruct
INFO - unified_loader -    Mode: TRAINING
INFO - unified_loader - 📄 Using global configuration system (fallback)
INFO - unified_loader - 🔧 Applying comprehensive Qwen2.5-VL fixes...
INFO - patches - ✅ Official mRoPE fix applied (with batch dimension fix)
INFO - patches - ✅ Safe visual forward patch applied for generation
INFO - patches - 🔇 qwenvl Flash-Attention override skipped – using HF default
INFO - patches - ✅ All Qwen2.5-VL fixes applied successfully
INFO - patches -    - mRoPE: Uses official doubling logic + batch fix
INFO - patches -    - Visual: Safe processing for generation
INFO - patches -    - Dimension handling: Robust edge case management
INFO - patches -    - Batch handling: Fixed mrope_section duplication
INFO - unified_loader - 🎯 Detection wrapper enabled for coordinate tokens: False
INFO - unified_loader - 🎯 Coordinate tokens enabled: False
INFO - unified_loader - ⚡ Attention implementation OVERRIDE: flash_attention_2
INFO - unified_loader - 🔤 Loading tokenizer from: /data3/Qwen2.5-VL-main/model_cache/Qwen/Qwen2.5-VL-3B-Instruct
INFO - unified_loader - [PADDING_SIDE_CHECK] Tokenizer padding side after load: left
INFO - unified_loader - 📄 Loading BASE model (no detection)
INFO - unified_loader - ✅ Base model loaded successfully
INFO - unified_loader - 🎯 Adding 4 special tokens: ['<|square_start|>', '<|square_end|>', '<|line_start|>', '<|line_end|>']
INFO - unified_loader - ✅ Added 4 special tokens to tokenizer
INFO - unified_loader - 🎯 Resizing model embeddings for new tokens
INFO - unified_loader - ✅ Model embeddings resized to 151669
INFO - unified_loader - 🔍 SPECIAL TOKEN IDs:
INFO - unified_loader -    <|box_start|>: 151648
INFO - unified_loader -    <|box_end|>: 151649
INFO - unified_loader -    <|square_start|>: 151665
INFO - unified_loader -    <|square_end|>: 151666
INFO - unified_loader -    <|line_start|>: 151667
INFO - unified_loader -    <|line_end|>: 151668
INFO - unified_loader -    <|object_ref_start|>: 151646
INFO - unified_loader -    <|object_ref_end|>: 151647
INFO - unified_loader - 📊 Loading processor from: /data3/Qwen2.5-VL-main/model_cache/Qwen/Qwen2.5-VL-3B-Instruct
INFO - unified_loader - ✅ Processor loaded successfully
INFO - unified_loader - 🔧 Applying training chat template...
INFO - unified_loader - ✅ Training chat template applied
INFO - unified_loader - 🔍 Verifying Qwen2.5-VL patches...
INFO - patches - ✅ mRoPE patch verification successful
INFO - patches - ✅ Safe visual forward patch verification successful
INFO - patches - ✅ All patch verifications successful
INFO - unified_loader - ✅ UNIFIED MODEL LOADING COMPLETE
INFO - unified_loader -    Model type: Base model
INFO - unified_loader -    Tokenizer vocab size: 151669
INFO - unified_loader -    Tokenizer padding side: left
INFO - unified_loader -    Model device: cuda:0
INFO - unified_loader -    Model dtype: torch.bfloat16
INFO - unified_loader - ℹ️ Coordinate tokens disabled - using standard format
INFO - unified_loader - 📐 Adding geometry tokens (coordinate tokens disabled)
INFO - tokens - 🔧 Setting up unified token management...
INFO - tokens - 🔍 Detecting existing tokens...
INFO - tokens -    ✅ Found object_ref_start: <|object_ref_start|> -> ID 151646
INFO - tokens -    ✅ Found object_ref_end: <|object_ref_end|> -> ID 151647
INFO - tokens -    ✅ Found box_start: <|box_start|> -> ID 151648
INFO - tokens -    ✅ Found box_end: <|box_end|> -> ID 151649
INFO - tokens - ➕ Adding new geometry tokens...
INFO - tokens -    ✅ All geometry tokens already exist
INFO - tokens - ➕ Adding coordinate tokens [0, -1]...
INFO - tokens -    ✅ All coordinate tokens already exist
INFO - tokens - ✅ Token setup complete. Added 0 new tokens.
INFO - unified_loader - 📊 GEOMETRY-ONLY VOCABULARY VERIFICATION:
INFO - unified_loader -    Base size: 151665
INFO - unified_loader -    Geometry tokens: 4
INFO - unified_loader -    Expected size: 151669
INFO - unified_loader -    Actual tokenizer size: 151669
INFO - unified_loader -    Actual model size: 151669
INFO - training - 📄 DataProcessor using explicit configuration system
INFO - training - ✅ Chat processor initialized (JSON format only)
INFO - data - Loaded 3 teacher samples from /tmp/bbu_test_data_jp_uhdeh/teacher.jsonl
INFO - data - ✅ TeacherPoolManager initialized:
INFO - data -    Teacher pool file: /tmp/bbu_test_data_jp_uhdeh/teacher.jsonl
INFO - data -    Data root: /tmp/bbu_test_data_jp_uhdeh
INFO - data -    Number of teacher images: 3
INFO - data -    Number of teacher samples: 3
INFO - data - Created teacher pool manager with 3 samples
INFO - training - ✅ Teacher pool manager initialized: /tmp/bbu_test_data_jp_uhdeh/teacher.jsonl
INFO - training - 📊 Creating datasets...
INFO - data - Loaded 4 flat samples from /tmp/bbu_test_data_jp_uhdeh/train.jsonl
INFO - data - Dataset mode: training
INFO - data - Teacher ratio: 0.7
INFO - data - Teacher pool size: 3
INFO - data - Dataset /tmp/bbu_test_data_jp_uhdeh/train.jsonl: teacher ratio set to 0.7, num_teachers=1
INFO - data - Loaded 1 flat samples from /tmp/bbu_test_data_jp_uhdeh/val.jsonl
INFO - data - Dataset mode: evaluation
INFO - data - Teacher ratio: 0.0
INFO - data - Dataset /tmp/bbu_test_data_jp_uhdeh/val.jsonl: teacher ratio set to 0.7, num_teachers=1
INFO - data - Loaded 3 teacher samples from /tmp/bbu_test_data_jp_uhdeh/teacher.jsonl
INFO - data - ✅ TeacherPoolManager initialized:
INFO - data -    Teacher pool file: /tmp/bbu_test_data_jp_uhdeh/teacher.jsonl
INFO - data -    Data root: /tmp/bbu_test_data_jp_uhdeh
INFO - data -    Number of teacher images: 3
INFO - data -    Number of teacher samples: 3
INFO - data - Created teacher pool manager with 3 samples
INFO - training - ✅ Datasets created: Train=4, Eval=1
INFO - training - 🛡️ Datasets returned directly (wrapper temporarily disabled)
INFO - training - 📦 Creating data collator...
INFO - training - ✅ Data collator created: standard
INFO - test_training_components - ✅ Built-in CE test passed:
INFO - test_training_components -    Built-in loss: 2.140529
INFO - test_training_components -    Manual loss: 2.140529
INFO - test_training_components -    Difference: 0.00000000
INFO - test_training_components - 🧪 Testing Forward Pass - Packed Collator
INFO - test_config - ✅ Created coordinate enabled config: /data3/Qwen2.5-VL-main/tests/configs/coordinate_enabled_packed.yaml
INFO - unified_loader - 🔧 UNIFIED MODEL LOADING: /data3/Qwen2.5-VL-main/model_cache/Qwen/Qwen2.5-VL-3B-Instruct
INFO - unified_loader -    Mode: TRAINING
INFO - unified_loader - 📄 Using global configuration system (fallback)
INFO - unified_loader - 🔧 Applying comprehensive Qwen2.5-VL fixes...
INFO - patches - ✅ Official mRoPE fix applied (with batch dimension fix)
INFO - patches - ✅ Safe visual forward patch applied for generation
INFO - patches - 🔇 qwenvl Flash-Attention override skipped – using HF default
INFO - patches - ✅ All Qwen2.5-VL fixes applied successfully
INFO - patches -    - mRoPE: Uses official doubling logic + batch fix
INFO - patches -    - Visual: Safe processing for generation
INFO - patches -    - Dimension handling: Robust edge case management
INFO - patches -    - Batch handling: Fixed mrope_section duplication
INFO - unified_loader - 🎯 Detection wrapper enabled for coordinate tokens: True
INFO - unified_loader - 🎯 Coordinate tokens enabled: True
INFO - unified_loader - ⚡ Attention implementation OVERRIDE: flash_attention_2
INFO - unified_loader - 🔤 Loading tokenizer from: /data3/Qwen2.5-VL-main/model_cache/Qwen/Qwen2.5-VL-3B-Instruct
INFO - unified_loader - [PADDING_SIDE_CHECK] Tokenizer padding side after load: left
INFO - unified_loader - 🎯 Loading DETECTION-ENABLED model via wrapper
INFO - unified_loader - 🔧 Coordinate tokens enabled: True
INFO - unified_loader - ✅ Coordinate token configuration created
INFO - training - 🔧 Model loaded with attention: flash_attention_2
INFO - training - 🔧 Model config attn_implementation: flash_attention_2
INFO - patches - ✅ Official mRoPE fix applied (with batch dimension fix)
INFO - patches - ✅ Safe visual forward patch applied for generation
INFO - patches - 🔇 qwenvl Flash-Attention override skipped – using HF default
INFO - patches - ✅ All Qwen2.5-VL fixes applied successfully
INFO - patches -    - mRoPE: Uses official doubling logic + batch fix
INFO - patches -    - Visual: Safe processing for generation
INFO - patches -    - Dimension handling: Robust edge case management
INFO - patches -    - Batch handling: Fixed mrope_section duplication
INFO - training - 🚀 Setting up coordinate tokens (enabled: True)
INFO - training -    🎯 Initializing coordinate tokens [151665:153713]
INFO - training -    🔓 All embeddings jointly trainable for BBU domain adaptation
INFO - training -    ✅ Created extended embeddings: 153713 tokens
INFO - training -    ✅ Initialized 2048 coordinate tokens with std=0.02
INFO - training -    🎯 Initializing coordinate projections [151665:153713]
INFO - training -    🔓 All projections jointly trainable for BBU domain adaptation
INFO - training -    ✅ Created extended LM head: 153713 tokens
INFO - training -    ✅ Initialized 2048 coordinate projections with std=0.02
INFO - tokens - 🔧 Setting up unified token management...
INFO - tokens - 🔍 Detecting existing tokens...
INFO - tokens -    ✅ Found object_ref_start: <|object_ref_start|> -> ID 151646
INFO - tokens -    ✅ Found object_ref_end: <|object_ref_end|> -> ID 151647
INFO - tokens -    ✅ Found box_start: <|box_start|> -> ID 151648
INFO - tokens -    ✅ Found box_end: <|box_end|> -> ID 151649
INFO - tokens - ➕ Adding new geometry tokens...
INFO - tokens -    ✅ Added 4 geometry tokens: ['<|line_start|>', '<|line_end|>', '<|square_start|>', '<|square_end|>']
INFO - tokens - ➕ Adding coordinate tokens [0, 2047]...
INFO - tokens -    ✅ Added coordinate token batch 1: 1000 tokens
INFO - tokens -    ✅ Added coordinate token batch 2: 1000 tokens
INFO - tokens -    ✅ Added coordinate token batch 3: 48 tokens
INFO - tokens -    ✅ Total coordinate tokens added: 2048
INFO - tokens - 🔧 Resizing model embeddings for 2052 new tokens...
INFO - tokens -    ✅ Embeddings resized: 153713 -> 153717
INFO - tokens - ✅ Token setup complete. Added 2052 new tokens.
INFO - tokens - 🔧 Setting up unified token management...
INFO - tokens - 🔍 Detecting existing tokens...
INFO - tokens -    ✅ Found object_ref_start: <|object_ref_start|> -> ID 151646
INFO - tokens -    ✅ Found object_ref_end: <|object_ref_end|> -> ID 151647
INFO - tokens -    ✅ Found box_start: <|box_start|> -> ID 151648
INFO - tokens -    ✅ Found box_end: <|box_end|> -> ID 151649
INFO - tokens - ➕ Adding new geometry tokens...
INFO - tokens -    ✅ All geometry tokens already exist
INFO - tokens - ➕ Adding coordinate tokens [0, 2047]...
INFO - tokens -    ✅ All coordinate tokens already exist
INFO - tokens - ✅ Token setup complete. Added 0 new tokens.
INFO - training - 🚀 Coordinate token setup complete. Extended vocab: 153713
INFO - training - 🔧 Model on device: cuda:0 (embeddings handled by base model)
INFO - training - 📄 No coordinate extensions found - using standard model
INFO - unified_loader - 🔧 Validating coordinate token vocabulary consistency
INFO - unified_loader - 📊 Model vocab size: 153717
INFO - unified_loader - 📊 Tokenizer vocab size: 153717
INFO - unified_loader - 📊 Extended vocab size: 153713
INFO - unified_loader - ✅ Model has coordinate token extensions - ensuring consistency
INFO - unified_loader - ✅ Set detection_enabled=True for coordinate token model
INFO - unified_loader - ✅ Detection-enabled model loaded successfully
INFO - unified_loader - 🔍 SPECIAL TOKEN IDs:
INFO - unified_loader -    <|box_start|>: 151648
INFO - unified_loader -    <|box_end|>: 151649
INFO - unified_loader -    <|square_start|>: 151667
INFO - unified_loader -    <|square_end|>: 151668
INFO - unified_loader -    <|line_start|>: 151665
INFO - unified_loader -    <|line_end|>: 151666
INFO - unified_loader -    <|object_ref_start|>: 151646
INFO - unified_loader -    <|object_ref_end|>: 151647
INFO - unified_loader - 📊 Loading processor from: /data3/Qwen2.5-VL-main/model_cache/Qwen/Qwen2.5-VL-3B-Instruct
INFO - unified_loader - ✅ Processor loaded successfully
INFO - unified_loader - 🔧 Applying training chat template...
INFO - unified_loader - ✅ Training chat template applied
INFO - unified_loader - 🔍 Verifying Qwen2.5-VL patches...
INFO - patches - ✅ mRoPE patch verification successful
INFO - patches - ✅ Safe visual forward patch verification successful
INFO - patches - ✅ All patch verifications successful
INFO - unified_loader - ✅ UNIFIED MODEL LOADING COMPLETE
INFO - unified_loader -    Model type: Detection-enabled
INFO - unified_loader -    Tokenizer vocab size: 153717
INFO - unified_loader -    Tokenizer padding side: left
INFO - unified_loader -    Model device: cuda:0
INFO - unified_loader -    Model dtype: torch.bfloat16
INFO - unified_loader - 🎯 Initializing Token Managers for vocabulary extension...
INFO - unified_loader - 🔢 Adding 2048 coordinate tokens to vocabulary
INFO - unified_loader - 📐 Adding 4 geometry tokens to vocabulary
INFO - unified_loader - 📊 Vocabulary extension: 151665 + 2052 = 153717
INFO - tokens - 🔧 Setting up unified token management...
INFO - tokens - 🔍 Detecting existing tokens...
INFO - tokens -    ✅ Found object_ref_start: <|object_ref_start|> -> ID 151646
INFO - tokens -    ✅ Found object_ref_end: <|object_ref_end|> -> ID 151647
INFO - tokens -    ✅ Found box_start: <|box_start|> -> ID 151648
INFO - tokens -    ✅ Found box_end: <|box_end|> -> ID 151649
INFO - tokens - ➕ Adding new geometry tokens...
INFO - tokens -    ✅ All geometry tokens already exist
INFO - tokens - ➕ Adding coordinate tokens [0, 2047]...
INFO - tokens -    ✅ All coordinate tokens already exist
INFO - tokens - ✅ Token setup complete. Added 0 new tokens.
INFO - unified_loader - 📊 FINAL VOCABULARY VERIFICATION:
INFO - unified_loader -    Expected size: 153717
INFO - unified_loader -    Tokenizer size: 153717
INFO - unified_loader -    Model embedding size: 153717
INFO - unified_loader - ✅ Final tokenizer size verified: 153717
INFO - unified_loader - ✅ Model-tokenizer size consistency verified: 153717
INFO - unified_loader - ✅ Simple Token Manager initialized successfully!
INFO - training - 📄 DataProcessor using explicit configuration system
INFO - training - 🎯 Updating coordinate token ranges in chat processor...
INFO - chat - 🎯 Initializing coordinate manager with current tokenizer...
INFO - tokens - 🎯 Found coordinate tokens: range [151669, 153717)
INFO - chat - ✅ Coordinate manager initialized successfully
INFO - chat -    max_coord_value: 2048
INFO - chat -    Language: chinese
INFO - chat -    Output format: Coordinate tokens + JSON fallback
INFO - training - ✅ Chat processor initialized with coordinate tokens (geometry + object_ref wrapping)
INFO - data - Loaded 3 teacher samples from /tmp/bbu_test_data_jp_uhdeh/teacher.jsonl
INFO - data - ✅ TeacherPoolManager initialized:
INFO - data -    Teacher pool file: /tmp/bbu_test_data_jp_uhdeh/teacher.jsonl
INFO - data -    Data root: /tmp/bbu_test_data_jp_uhdeh
INFO - data -    Number of teacher images: 3
INFO - data -    Number of teacher samples: 3
INFO - data - Created teacher pool manager with 3 samples
INFO - training - ✅ Teacher pool manager initialized: /tmp/bbu_test_data_jp_uhdeh/teacher.jsonl
INFO - training - 📊 Creating datasets...
INFO - data - Loaded 4 flat samples from /tmp/bbu_test_data_jp_uhdeh/train.jsonl
INFO - data - Dataset mode: training
INFO - data - Teacher ratio: 0.7
INFO - data - Teacher pool size: 3
INFO - data - Dataset /tmp/bbu_test_data_jp_uhdeh/train.jsonl: teacher ratio set to 0.7, num_teachers=1
INFO - data - Loaded 1 flat samples from /tmp/bbu_test_data_jp_uhdeh/val.jsonl
INFO - data - Dataset mode: evaluation
INFO - data - Teacher ratio: 0.0
INFO - data - Dataset /tmp/bbu_test_data_jp_uhdeh/val.jsonl: teacher ratio set to 0.7, num_teachers=1
INFO - data - Loaded 3 teacher samples from /tmp/bbu_test_data_jp_uhdeh/teacher.jsonl
INFO - data - ✅ TeacherPoolManager initialized:
INFO - data -    Teacher pool file: /tmp/bbu_test_data_jp_uhdeh/teacher.jsonl
INFO - data -    Data root: /tmp/bbu_test_data_jp_uhdeh
INFO - data -    Number of teacher images: 3
INFO - data -    Number of teacher samples: 3
INFO - data - Created teacher pool manager with 3 samples
INFO - training - ✅ Datasets created: Train=4, Eval=1
INFO - training - 🛡️ Datasets returned directly (wrapper temporarily disabled)
INFO - training - 📦 Creating data collator...
INFO - training - ✅ Data collator created: packed
INFO - test_training_components - ✅ Packed collator forward pass test passed - Loss: 4.8286
INFO - test_utils - ⏱️ Packed forward pass took 0.18 seconds
INFO - test_training_components - 🧪 Testing Forward Pass - Standard Model + Packed Collator
INFO - test_config - ✅ Created coordinate disabled config: /data3/Qwen2.5-VL-main/tests/configs/coordinate_disabled_packed.yaml
INFO - unified_loader - 🔧 UNIFIED MODEL LOADING: /data3/Qwen2.5-VL-main/model_cache/Qwen/Qwen2.5-VL-3B-Instruct
INFO - unified_loader -    Mode: TRAINING
INFO - unified_loader - 📄 Using global configuration system (fallback)
INFO - unified_loader - 🔧 Applying comprehensive Qwen2.5-VL fixes...
INFO - patches - ✅ Official mRoPE fix applied (with batch dimension fix)
INFO - patches - ✅ Safe visual forward patch applied for generation
INFO - patches - 🔇 qwenvl Flash-Attention override skipped – using HF default
INFO - patches - ✅ All Qwen2.5-VL fixes applied successfully
INFO - patches -    - mRoPE: Uses official doubling logic + batch fix
INFO - patches -    - Visual: Safe processing for generation
INFO - patches -    - Dimension handling: Robust edge case management
INFO - patches -    - Batch handling: Fixed mrope_section duplication
INFO - unified_loader - 🎯 Detection wrapper enabled for coordinate tokens: False
INFO - unified_loader - 🎯 Coordinate tokens enabled: False
INFO - unified_loader - ⚡ Attention implementation OVERRIDE: flash_attention_2
INFO - unified_loader - 🔤 Loading tokenizer from: /data3/Qwen2.5-VL-main/model_cache/Qwen/Qwen2.5-VL-3B-Instruct
INFO - unified_loader - [PADDING_SIDE_CHECK] Tokenizer padding side after load: left
INFO - unified_loader - 📄 Loading BASE model (no detection)
INFO - unified_loader - ✅ Base model loaded successfully
INFO - unified_loader - 🎯 Adding 4 special tokens: ['<|square_start|>', '<|square_end|>', '<|line_start|>', '<|line_end|>']
INFO - unified_loader - ✅ Added 4 special tokens to tokenizer
INFO - unified_loader - 🎯 Resizing model embeddings for new tokens
INFO - unified_loader - ✅ Model embeddings resized to 151669
INFO - unified_loader - 🔍 SPECIAL TOKEN IDs:
INFO - unified_loader -    <|box_start|>: 151648
INFO - unified_loader -    <|box_end|>: 151649
INFO - unified_loader -    <|square_start|>: 151665
INFO - unified_loader -    <|square_end|>: 151666
INFO - unified_loader -    <|line_start|>: 151667
INFO - unified_loader -    <|line_end|>: 151668
INFO - unified_loader -    <|object_ref_start|>: 151646
INFO - unified_loader -    <|object_ref_end|>: 151647
INFO - unified_loader - 📊 Loading processor from: /data3/Qwen2.5-VL-main/model_cache/Qwen/Qwen2.5-VL-3B-Instruct
INFO - unified_loader - ✅ Processor loaded successfully
INFO - unified_loader - 🔧 Applying training chat template...
INFO - unified_loader - ✅ Training chat template applied
INFO - unified_loader - 🔍 Verifying Qwen2.5-VL patches...
INFO - patches - ✅ mRoPE patch verification successful
INFO - patches - ✅ Safe visual forward patch verification successful
INFO - patches - ✅ All patch verifications successful
INFO - unified_loader - ✅ UNIFIED MODEL LOADING COMPLETE
INFO - unified_loader -    Model type: Base model
INFO - unified_loader -    Tokenizer vocab size: 151669
INFO - unified_loader -    Tokenizer padding side: left
INFO - unified_loader -    Model device: cuda:0
INFO - unified_loader -    Model dtype: torch.bfloat16
INFO - unified_loader - ℹ️ Coordinate tokens disabled - using standard format
INFO - unified_loader - 📐 Adding geometry tokens (coordinate tokens disabled)
INFO - tokens - 🔧 Setting up unified token management...
INFO - tokens - 🔍 Detecting existing tokens...
INFO - tokens -    ✅ Found object_ref_start: <|object_ref_start|> -> ID 151646
INFO - tokens -    ✅ Found object_ref_end: <|object_ref_end|> -> ID 151647
INFO - tokens -    ✅ Found box_start: <|box_start|> -> ID 151648
INFO - tokens -    ✅ Found box_end: <|box_end|> -> ID 151649
INFO - tokens - ➕ Adding new geometry tokens...
INFO - tokens -    ✅ All geometry tokens already exist
INFO - tokens - ➕ Adding coordinate tokens [0, -1]...
INFO - tokens -    ✅ All coordinate tokens already exist
INFO - tokens - ✅ Token setup complete. Added 0 new tokens.
INFO - unified_loader - 📊 GEOMETRY-ONLY VOCABULARY VERIFICATION:
INFO - unified_loader -    Base size: 151665
INFO - unified_loader -    Geometry tokens: 4
INFO - unified_loader -    Expected size: 151669
INFO - unified_loader -    Actual tokenizer size: 151669
INFO - unified_loader -    Actual model size: 151669
INFO - training - 📄 DataProcessor using explicit configuration system
INFO - training - ✅ Chat processor initialized (JSON format only)
INFO - data - Loaded 3 teacher samples from /tmp/bbu_test_data_jp_uhdeh/teacher.jsonl
INFO - data - ✅ TeacherPoolManager initialized:
INFO - data -    Teacher pool file: /tmp/bbu_test_data_jp_uhdeh/teacher.jsonl
INFO - data -    Data root: /tmp/bbu_test_data_jp_uhdeh
INFO - data -    Number of teacher images: 3
INFO - data -    Number of teacher samples: 3
INFO - data - Created teacher pool manager with 3 samples
INFO - training - ✅ Teacher pool manager initialized: /tmp/bbu_test_data_jp_uhdeh/teacher.jsonl
INFO - training - 📊 Creating datasets...
INFO - data - Loaded 4 flat samples from /tmp/bbu_test_data_jp_uhdeh/train.jsonl
INFO - data - Dataset mode: training
INFO - data - Teacher ratio: 0.7
INFO - data - Teacher pool size: 3
INFO - data - Dataset /tmp/bbu_test_data_jp_uhdeh/train.jsonl: teacher ratio set to 0.7, num_teachers=1
INFO - data - Loaded 1 flat samples from /tmp/bbu_test_data_jp_uhdeh/val.jsonl
INFO - data - Dataset mode: evaluation
INFO - data - Teacher ratio: 0.0
INFO - data - Dataset /tmp/bbu_test_data_jp_uhdeh/val.jsonl: teacher ratio set to 0.7, num_teachers=1
INFO - data - Loaded 3 teacher samples from /tmp/bbu_test_data_jp_uhdeh/teacher.jsonl
INFO - data - ✅ TeacherPoolManager initialized:
INFO - data -    Teacher pool file: /tmp/bbu_test_data_jp_uhdeh/teacher.jsonl
INFO - data -    Data root: /tmp/bbu_test_data_jp_uhdeh
INFO - data -    Number of teacher images: 3
INFO - data -    Number of teacher samples: 3
INFO - data - Created teacher pool manager with 3 samples
INFO - training - ✅ Datasets created: Train=4, Eval=1
INFO - training - 🛡️ Datasets returned directly (wrapper temporarily disabled)
INFO - training - 📦 Creating data collator...
INFO - training - ✅ Data collator created: packed
INFO - test_utils - ⏱️ Model and data setup took 2.84 seconds
INFO - test_training_components - ✅ Standard model + packed collator test passed - Loss: 1.2334
INFO - test_utils - 🧠 Standard + Packed forward pass memory usage:
INFO - test_utils -    Initial: 472.6 MB
INFO - test_utils -    Final: 2198.6 MB
INFO - test_utils -    Peak: 2198.6 MB
INFO - test_utils -    Delta: 1726.0 MB
INFO - test_utils - ⏱️ Standard + Packed forward pass took 0.41 seconds
INFO - test_training_components - 🧪 Testing Trainer Creation
INFO - test_config - ✅ Created minimal config: /data3/Qwen2.5-VL-main/tests/configs/minimal_coord_standard.yaml
INFO - training - 🏭 Creating trainer with new coordinator system...
INFO - training - 📄 Using BBU configuration system
INFO - training - 🤖 Loading model...
INFO - unified_loader - 🔧 UNIFIED MODEL LOADING: /data3/Qwen2.5-VL-main/model_cache/Qwen/Qwen2.5-VL-3B-Instruct
INFO - unified_loader -    Mode: TRAINING
INFO - unified_loader - 📄 Using explicit configuration system
INFO - unified_loader - 🔧 Applying comprehensive Qwen2.5-VL fixes...
INFO - patches - ✅ Official mRoPE fix applied (with batch dimension fix)
INFO - patches - ✅ Safe visual forward patch applied for generation
INFO - patches - 🔇 qwenvl Flash-Attention override skipped – using HF default
INFO - patches - ✅ All Qwen2.5-VL fixes applied successfully
INFO - patches -    - mRoPE: Uses official doubling logic + batch fix
INFO - patches -    - Visual: Safe processing for generation
INFO - patches -    - Dimension handling: Robust edge case management
INFO - patches -    - Batch handling: Fixed mrope_section duplication
INFO - unified_loader - 🎯 Detection wrapper enabled for coordinate tokens: True
INFO - unified_loader - 🎯 Coordinate tokens enabled: True
INFO - unified_loader - ⚡ Attention implementation OVERRIDE: flash_attention_2
INFO - unified_loader - 🔤 Loading tokenizer from: /data3/Qwen2.5-VL-main/model_cache/Qwen/Qwen2.5-VL-3B-Instruct
INFO - unified_loader - [PADDING_SIDE_CHECK] Tokenizer padding side after load: left
INFO - unified_loader - 🎯 Loading DETECTION-ENABLED model via wrapper
INFO - unified_loader - 🔧 Coordinate tokens enabled: True
INFO - unified_loader - ✅ Coordinate token configuration created
INFO - training - 🔧 Model loaded with attention: flash_attention_2
INFO - training - 🔧 Model config attn_implementation: flash_attention_2
INFO - patches - ✅ Official mRoPE fix applied (with batch dimension fix)
INFO - patches - ✅ Safe visual forward patch applied for generation
INFO - patches - 🔇 qwenvl Flash-Attention override skipped – using HF default
INFO - patches - ✅ All Qwen2.5-VL fixes applied successfully
INFO - patches -    - mRoPE: Uses official doubling logic + batch fix
INFO - patches -    - Visual: Safe processing for generation
INFO - patches -    - Dimension handling: Robust edge case management
INFO - patches -    - Batch handling: Fixed mrope_section duplication
INFO - training - 🚀 Setting up coordinate tokens (enabled: True)
INFO - training -    🎯 Initializing coordinate tokens [151665:153713]
INFO - training -    🔓 All embeddings jointly trainable for BBU domain adaptation
INFO - training -    ✅ Created extended embeddings: 153713 tokens
INFO - training -    ✅ Initialized 2048 coordinate tokens with std=0.02
INFO - training -    🎯 Initializing coordinate projections [151665:153713]
INFO - training -    🔓 All projections jointly trainable for BBU domain adaptation
INFO - training -    ✅ Created extended LM head: 153713 tokens
INFO - training -    ✅ Initialized 2048 coordinate projections with std=0.02
INFO - tokens - 🔧 Setting up unified token management...
INFO - tokens - 🔍 Detecting existing tokens...
INFO - tokens -    ✅ Found object_ref_start: <|object_ref_start|> -> ID 151646
INFO - tokens -    ✅ Found object_ref_end: <|object_ref_end|> -> ID 151647
INFO - tokens -    ✅ Found box_start: <|box_start|> -> ID 151648
INFO - tokens -    ✅ Found box_end: <|box_end|> -> ID 151649
INFO - tokens - ➕ Adding new geometry tokens...
INFO - tokens -    ✅ Added 4 geometry tokens: ['<|line_start|>', '<|line_end|>', '<|square_start|>', '<|square_end|>']
INFO - tokens - ➕ Adding coordinate tokens [0, 2047]...
INFO - tokens -    ✅ Added coordinate token batch 1: 1000 tokens
INFO - tokens -    ✅ Added coordinate token batch 2: 1000 tokens
INFO - tokens -    ✅ Added coordinate token batch 3: 48 tokens
INFO - tokens -    ✅ Total coordinate tokens added: 2048
INFO - tokens - 🔧 Resizing model embeddings for 2052 new tokens...
INFO - tokens -    ✅ Embeddings resized: 153713 -> 153717
INFO - tokens - ✅ Token setup complete. Added 2052 new tokens.
INFO - tokens - 🔧 Setting up unified token management...
INFO - tokens - 🔍 Detecting existing tokens...
INFO - tokens -    ✅ Found object_ref_start: <|object_ref_start|> -> ID 151646
INFO - tokens -    ✅ Found object_ref_end: <|object_ref_end|> -> ID 151647
INFO - tokens -    ✅ Found box_start: <|box_start|> -> ID 151648
INFO - tokens -    ✅ Found box_end: <|box_end|> -> ID 151649
INFO - tokens - ➕ Adding new geometry tokens...
INFO - tokens -    ✅ All geometry tokens already exist
INFO - tokens - ➕ Adding coordinate tokens [0, 2047]...
INFO - tokens -    ✅ All coordinate tokens already exist
INFO - tokens - ✅ Token setup complete. Added 0 new tokens.
INFO - training - 🚀 Coordinate token setup complete. Extended vocab: 153713
INFO - training - 🔧 Model on device: cuda:0 (embeddings handled by base model)
INFO - training - 📄 No coordinate extensions found - using standard model
INFO - unified_loader - 🔧 Validating coordinate token vocabulary consistency
INFO - unified_loader - 📊 Model vocab size: 153717
INFO - unified_loader - 📊 Tokenizer vocab size: 153717
INFO - unified_loader - 📊 Extended vocab size: 153713
INFO - unified_loader - ✅ Model has coordinate token extensions - ensuring consistency
INFO - unified_loader - ✅ Set detection_enabled=True for coordinate token model
INFO - unified_loader - ✅ Detection-enabled model loaded successfully
INFO - unified_loader - 🔍 SPECIAL TOKEN IDs:
INFO - unified_loader -    <|box_start|>: 151648
INFO - unified_loader -    <|box_end|>: 151649
INFO - unified_loader -    <|square_start|>: 151667
INFO - unified_loader -    <|square_end|>: 151668
INFO - unified_loader -    <|line_start|>: 151665
INFO - unified_loader -    <|line_end|>: 151666
INFO - unified_loader -    <|object_ref_start|>: 151646
INFO - unified_loader -    <|object_ref_end|>: 151647
INFO - unified_loader - 📊 Loading processor from: /data3/Qwen2.5-VL-main/model_cache/Qwen/Qwen2.5-VL-3B-Instruct
INFO - unified_loader - ✅ Processor loaded successfully
INFO - unified_loader - 🔧 Applying training chat template...
INFO - unified_loader - ✅ Training chat template applied
INFO - unified_loader - 🔍 Verifying Qwen2.5-VL patches...
INFO - patches - ✅ mRoPE patch verification successful
INFO - patches - ✅ Safe visual forward patch verification successful
INFO - patches - ✅ All patch verifications successful
INFO - unified_loader - ✅ UNIFIED MODEL LOADING COMPLETE
INFO - unified_loader -    Model type: Detection-enabled
INFO - unified_loader -    Tokenizer vocab size: 153717
INFO - unified_loader -    Tokenizer padding side: left
INFO - unified_loader -    Model device: cuda:0
INFO - unified_loader -    Model dtype: torch.bfloat16
INFO - unified_loader - 🎯 Initializing Token Managers for vocabulary extension...
INFO - unified_loader - 🔢 Adding 2048 coordinate tokens to vocabulary
INFO - unified_loader - 📐 Adding 4 geometry tokens to vocabulary
INFO - unified_loader - 📊 Vocabulary extension: 151665 + 2052 = 153717
INFO - tokens - 🔧 Setting up unified token management...
INFO - tokens - 🔍 Detecting existing tokens...
INFO - tokens -    ✅ Found object_ref_start: <|object_ref_start|> -> ID 151646
INFO - tokens -    ✅ Found object_ref_end: <|object_ref_end|> -> ID 151647
INFO - tokens -    ✅ Found box_start: <|box_start|> -> ID 151648
INFO - tokens -    ✅ Found box_end: <|box_end|> -> ID 151649
INFO - tokens - ➕ Adding new geometry tokens...
INFO - tokens -    ✅ All geometry tokens already exist
INFO - tokens - ➕ Adding coordinate tokens [0, 2047]...
INFO - tokens -    ✅ All coordinate tokens already exist
INFO - tokens - ✅ Token setup complete. Added 0 new tokens.
INFO - unified_loader - 📊 FINAL VOCABULARY VERIFICATION:
INFO - unified_loader -    Expected size: 153717
INFO - unified_loader -    Tokenizer size: 153717
INFO - unified_loader -    Model embedding size: 153717
INFO - unified_loader - ✅ Final tokenizer size verified: 153717
INFO - unified_loader - ✅ Model-tokenizer size consistency verified: 153717
INFO - unified_loader - ✅ Simple Token Manager initialized successfully!
INFO - training - 📊 Creating datasets...
INFO - training - 📄 DataProcessor using explicit configuration system
INFO - training - 🎯 Updating coordinate token ranges in chat processor...
INFO - chat - 🎯 Initializing coordinate manager with current tokenizer...
INFO - tokens - 🎯 Found coordinate tokens: range [151669, 153717)
INFO - chat - ✅ Coordinate manager initialized successfully
INFO - chat -    max_coord_value: 2048
INFO - chat -    Language: chinese
INFO - chat -    Output format: Coordinate tokens + JSON fallback
INFO - training - ✅ Chat processor initialized with coordinate tokens (geometry + object_ref wrapping)
INFO - data - Loaded 3 teacher samples from /tmp/bbu_test_data_jp_uhdeh/teacher.jsonl
INFO - data - ✅ TeacherPoolManager initialized:
INFO - data -    Teacher pool file: /tmp/bbu_test_data_jp_uhdeh/teacher.jsonl
INFO - data -    Data root: /tmp/bbu_test_data_jp_uhdeh
INFO - data -    Number of teacher images: 3
INFO - data -    Number of teacher samples: 3
INFO - data - Created teacher pool manager with 3 samples
INFO - training - ✅ Teacher pool manager initialized: /tmp/bbu_test_data_jp_uhdeh/teacher.jsonl
INFO - training - 📊 Creating datasets...
INFO - data - Loaded 4 flat samples from /tmp/bbu_test_data_jp_uhdeh/train.jsonl
INFO - data - Dataset mode: training
INFO - data - Teacher ratio: 0.7
INFO - data - Teacher pool size: 3
INFO - data - Dataset /tmp/bbu_test_data_jp_uhdeh/train.jsonl: teacher ratio set to 0.7, num_teachers=1
INFO - data - Loaded 1 flat samples from /tmp/bbu_test_data_jp_uhdeh/val.jsonl
INFO - data - Dataset mode: evaluation
INFO - data - Teacher ratio: 0.0
INFO - data - Dataset /tmp/bbu_test_data_jp_uhdeh/val.jsonl: teacher ratio set to 0.7, num_teachers=1
INFO - data - Loaded 3 teacher samples from /tmp/bbu_test_data_jp_uhdeh/teacher.jsonl
INFO - data - ✅ TeacherPoolManager initialized:
INFO - data -    Teacher pool file: /tmp/bbu_test_data_jp_uhdeh/teacher.jsonl
INFO - data -    Data root: /tmp/bbu_test_data_jp_uhdeh
INFO - data -    Number of teacher images: 3
INFO - data -    Number of teacher samples: 3
INFO - data - Created teacher pool manager with 3 samples
INFO - training - ✅ Datasets created: Train=4, Eval=1
INFO - training - 🛡️ Datasets returned directly (wrapper temporarily disabled)
INFO - training - 📦 Creating data collator...
INFO - training - 📦 Creating data collator...
INFO - training - ✅ Data collator created: standard
INFO - training - 🎯 Creating domain configs...
INFO - training - 🎯 Creating training coordinator...
INFO - training - 📊 Parameter Group Statistics:
INFO - training -    Total parameters: 824
INFO - training -    Trainable parameters: 824
INFO - training -    vision: 390/390 trainable, lr=5.00e-07
INFO - training -    llm: 434/434 trainable, lr=5.00e-06
WARNING - training - ⚠️  Component 'coordinate' has lr > 0 but no parameters found
WARNING - training - ⚠️  Coordinate token group enabled but no coordinate parameters found
INFO - training - ✅ Training coordinator initialized with typed configs
INFO - training -    Using domain-specific configuration classes
INFO - training - ✅ Parameter group 'vision': 390 params, lr=5.00e-07, wd=1.00e-04
INFO - training - ✅ Parameter group 'llm': 434 params, lr=5.00e-06, wd=1.00e-04
INFO - training - 🚀 Training setup completed:
INFO - training -    Parameter groups: 2
INFO - training -    Trainable parameters: 824
INFO - training -    Detection training: enabled
INFO - training - 🎯 Using new training coordinator system
INFO - training - ✅ Trainer created with coordinator system
INFO - training - 📊 Training Setup Summary:
INFO - training -    Trainable parameters: 824
INFO - training -    Enabled components: vision, merger, llm, coordinate
INFO - training -    Detection training: enabled
WARNING - training - ⚠️  Component 'coordinate' has lr > 0 but no parameters found
WARNING - training - ⚠️  Coordinate token group enabled but no coordinate parameters found
INFO - test_training_components - ✅ Trainer creation test passed:
INFO - test_training_components -    Model type: Qwen25VLWithDetection
INFO - test_training_components -    Train dataset size: 4
INFO - test_training_components -    Eval dataset size: 1
INFO - test_utils - ⏱️ Trainer creation took 3.06 seconds
INFO - test_training_components - 🧪 Testing Training Step Execution
INFO - test_config - ✅ Created minimal config: /data3/Qwen2.5-VL-main/tests/configs/minimal_standard_standard.yaml
INFO - training - 🏭 Creating trainer with new coordinator system...
INFO - training - 📄 Using BBU configuration system
INFO - training - 🤖 Loading model...
INFO - unified_loader - 🔧 UNIFIED MODEL LOADING: /data3/Qwen2.5-VL-main/model_cache/Qwen/Qwen2.5-VL-3B-Instruct
INFO - unified_loader -    Mode: TRAINING
INFO - unified_loader - 📄 Using explicit configuration system
INFO - unified_loader - 🔧 Applying comprehensive Qwen2.5-VL fixes...
INFO - patches - ✅ Official mRoPE fix applied (with batch dimension fix)
INFO - patches - ✅ Safe visual forward patch applied for generation
INFO - patches - 🔇 qwenvl Flash-Attention override skipped – using HF default
INFO - patches - ✅ All Qwen2.5-VL fixes applied successfully
INFO - patches -    - mRoPE: Uses official doubling logic + batch fix
INFO - patches -    - Visual: Safe processing for generation
INFO - patches -    - Dimension handling: Robust edge case management
INFO - patches -    - Batch handling: Fixed mrope_section duplication
INFO - unified_loader - 🎯 Detection wrapper enabled for coordinate tokens: False
INFO - unified_loader - 🎯 Coordinate tokens enabled: False
INFO - unified_loader - ⚡ Attention implementation OVERRIDE: flash_attention_2
INFO - unified_loader - 🔤 Loading tokenizer from: /data3/Qwen2.5-VL-main/model_cache/Qwen/Qwen2.5-VL-3B-Instruct
INFO - unified_loader - [PADDING_SIDE_CHECK] Tokenizer padding side after load: left
INFO - unified_loader - 📄 Loading BASE model (no detection)
INFO - unified_loader - ✅ Base model loaded successfully
INFO - unified_loader - 🎯 Adding 4 special tokens: ['<|square_start|>', '<|square_end|>', '<|line_start|>', '<|line_end|>']
INFO - unified_loader - ✅ Added 4 special tokens to tokenizer
INFO - unified_loader - 🎯 Resizing model embeddings for new tokens
INFO - unified_loader - ✅ Model embeddings resized to 151669
INFO - unified_loader - 🔍 SPECIAL TOKEN IDs:
INFO - unified_loader -    <|box_start|>: 151648
INFO - unified_loader -    <|box_end|>: 151649
INFO - unified_loader -    <|square_start|>: 151665
INFO - unified_loader -    <|square_end|>: 151666
INFO - unified_loader -    <|line_start|>: 151667
INFO - unified_loader -    <|line_end|>: 151668
INFO - unified_loader -    <|object_ref_start|>: 151646
INFO - unified_loader -    <|object_ref_end|>: 151647
INFO - unified_loader - 📊 Loading processor from: /data3/Qwen2.5-VL-main/model_cache/Qwen/Qwen2.5-VL-3B-Instruct
INFO - unified_loader - ✅ Processor loaded successfully
INFO - unified_loader - 🔧 Applying training chat template...
INFO - unified_loader - ✅ Training chat template applied
INFO - unified_loader - 🔍 Verifying Qwen2.5-VL patches...
INFO - patches - ✅ mRoPE patch verification successful
INFO - patches - ✅ Safe visual forward patch verification successful
INFO - patches - ✅ All patch verifications successful
INFO - unified_loader - ✅ UNIFIED MODEL LOADING COMPLETE
INFO - unified_loader -    Model type: Base model
INFO - unified_loader -    Tokenizer vocab size: 151669
INFO - unified_loader -    Tokenizer padding side: left
INFO - unified_loader -    Model device: cuda:0
INFO - unified_loader -    Model dtype: torch.bfloat16
INFO - unified_loader - ℹ️ Coordinate tokens disabled - using standard format
INFO - unified_loader - 📐 Adding geometry tokens (coordinate tokens disabled)
INFO - tokens - 🔧 Setting up unified token management...
INFO - tokens - 🔍 Detecting existing tokens...
INFO - tokens -    ✅ Found object_ref_start: <|object_ref_start|> -> ID 151646
INFO - tokens -    ✅ Found object_ref_end: <|object_ref_end|> -> ID 151647
INFO - tokens -    ✅ Found box_start: <|box_start|> -> ID 151648
INFO - tokens -    ✅ Found box_end: <|box_end|> -> ID 151649
INFO - tokens - ➕ Adding new geometry tokens...
INFO - tokens -    ✅ All geometry tokens already exist
INFO - tokens - ➕ Adding coordinate tokens [0, -1]...
INFO - tokens -    ✅ All coordinate tokens already exist
INFO - tokens - ✅ Token setup complete. Added 0 new tokens.
INFO - unified_loader - 📊 GEOMETRY-ONLY VOCABULARY VERIFICATION:
INFO - unified_loader -    Base size: 151665
INFO - unified_loader -    Geometry tokens: 4
INFO - unified_loader -    Expected size: 151669
INFO - unified_loader -    Actual tokenizer size: 151669
INFO - unified_loader -    Actual model size: 151669
INFO - training - 📊 Creating datasets...
INFO - training - 📄 DataProcessor using explicit configuration system
INFO - training - ✅ Chat processor initialized (JSON format only)
INFO - data - Loaded 3 teacher samples from /tmp/bbu_test_data_jp_uhdeh/teacher.jsonl
INFO - data - ✅ TeacherPoolManager initialized:
INFO - data -    Teacher pool file: /tmp/bbu_test_data_jp_uhdeh/teacher.jsonl
INFO - data -    Data root: /tmp/bbu_test_data_jp_uhdeh
INFO - data -    Number of teacher images: 3
INFO - data -    Number of teacher samples: 3
INFO - data - Created teacher pool manager with 3 samples
INFO - training - ✅ Teacher pool manager initialized: /tmp/bbu_test_data_jp_uhdeh/teacher.jsonl
INFO - training - 📊 Creating datasets...
INFO - data - Loaded 4 flat samples from /tmp/bbu_test_data_jp_uhdeh/train.jsonl
INFO - data - Dataset mode: training
INFO - data - Teacher ratio: 0.7
INFO - data - Teacher pool size: 3
INFO - data - Dataset /tmp/bbu_test_data_jp_uhdeh/train.jsonl: teacher ratio set to 0.7, num_teachers=1
INFO - data - Loaded 1 flat samples from /tmp/bbu_test_data_jp_uhdeh/val.jsonl
INFO - data - Dataset mode: evaluation
INFO - data - Teacher ratio: 0.0
INFO - data - Dataset /tmp/bbu_test_data_jp_uhdeh/val.jsonl: teacher ratio set to 0.7, num_teachers=1
INFO - data - Loaded 3 teacher samples from /tmp/bbu_test_data_jp_uhdeh/teacher.jsonl
INFO - data - ✅ TeacherPoolManager initialized:
INFO - data -    Teacher pool file: /tmp/bbu_test_data_jp_uhdeh/teacher.jsonl
INFO - data -    Data root: /tmp/bbu_test_data_jp_uhdeh
INFO - data -    Number of teacher images: 3
INFO - data -    Number of teacher samples: 3
INFO - data - Created teacher pool manager with 3 samples
INFO - training - ✅ Datasets created: Train=4, Eval=1
INFO - training - 🛡️ Datasets returned directly (wrapper temporarily disabled)
INFO - training - 📦 Creating data collator...
INFO - training - 📦 Creating data collator...
INFO - training - ✅ Data collator created: standard
INFO - training - 🎯 Creating domain configs...
INFO - training - 🎯 Creating training coordinator...
INFO - training - 📊 Parameter Group Statistics:
INFO - training -    Total parameters: 824
INFO - training -    Trainable parameters: 824
INFO - training -    vision: 390/390 trainable, lr=5.00e-07
INFO - training -    llm: 434/434 trainable, lr=5.00e-06
INFO - training - ✅ Training coordinator initialized with typed configs
INFO - training -    Using domain-specific configuration classes
INFO - training - ✅ Parameter group 'vision': 390 params, lr=5.00e-07, wd=1.00e-04
INFO - training - ✅ Parameter group 'llm': 434 params, lr=5.00e-06, wd=1.00e-04
INFO - training - 🚀 Training setup completed:
INFO - training -    Parameter groups: 2
INFO - training -    Trainable parameters: 824
INFO - training -    Detection training: disabled
INFO - training - 🎯 Using new training coordinator system
INFO - training - ✅ Trainer created with coordinator system
INFO - training - 📊 Training Setup Summary:
INFO - training -    Trainable parameters: 824
INFO - training -    Enabled components: vision, merger, llm
INFO - training -    Detection training: disabled
INFO - training - 🔧 _param_groups not found – running init_param_groups() now…
INFO - training - 🔧 Initializing parameter groups for differential learning rate...
INFO - training -    - Group 'vision': 385 tensors, 631.98M params
INFO - training -    - Group 'merger': 5 tensors, 36.71M params
INFO - training -    - Group 'llm': 434 tensors, 3085.39M params
INFO - training - 🚀 Creating optimizer with differential learning rates...
INFO - training -    - Group 'vision' assigned LR: 5e-07
INFO - training -    - Group 'merger' assigned LR: 5e-05
INFO - training -    - Group 'llm' assigned LR: 5e-06
INFO - training - ✅ Optimizer with differential learning rates created successfully.
WARNING - training - Learning rate groups (3) don't match parameter groups (4)
WARNING - training - Learning rate groups (3) don't match parameter groups (4)
WARNING - training - Learning rate groups (3) don't match parameter groups (4)
INFO - test_training_components - ✅ Training step execution test passed:
INFO - test_training_components -    Completed steps: 2
INFO - test_training_components -    Total parameters: 3,754,076,160
INFO - test_utils - 🧠 Training step execution memory usage:
INFO - test_utils -    Initial: 470.8 MB
INFO - test_utils -    Final: 1381.3 MB
INFO - test_utils -    Peak: 2301.0 MB
INFO - test_utils -    Delta: 910.5 MB
INFO - test_utils - ⏱️ Training step execution took 1.84 seconds
INFO - synthetic_data - 🧹 Cleaned up test data: /tmp/bbu_test_data_jp_uhdeh
INFO - test_config - 🧹 Cleaned up test configs: /data3/Qwen2.5-VL-main/tests/configs
INFO - test_training_components - 🧹 Training components test teardown complete
